<?xml version="1.0" encoding="UTF-8"?>
<robot rpa="false" generated="20231228 11:02:20.524" schemaversion="2" generator="Robot 4.1.3 (Python 2.7.18 on win32)">
<suite source="D:\workspace\Automate_BB15_release\driver\robot_driver\UATFIRST.robot" id="s1" name="UATFIRST">
<test id="s1-t1" name="Running LAB-OPFLOW Standard Service Test Case">
<kw type="SETUP" name="Get Test Case Name" library="admin.FromConfigFile">
<status status="PASS" endtime="20231228 11:03:08.677" starttime="20231228 11:03:08.677"/>
</kw>
<kw name="Evaluate" library="BuiltIn">
<var>${runflag}</var>
<arg>common_reader.Capturing.runflag</arg>
<doc>Evaluates the given expression in Python and returns the result.</doc>
<msg timestamp="20231228 11:03:08.678" level="INFO">${runflag} = {u'TC156': 0L, u'TC157': 0L, u'TC154': 1L, u'TC155': 0L, u'TC152': 1L, u'TC153': 1L, u'TC150': 1L, u'TC151': 1L, u'TC158': 0L, u'TC159': 0L, u'TC29': 1L, u'TC28': 1L, u'TC21': 1L, u'TC20': 1L, u'TC23'...</msg>
<status status="PASS" endtime="20231228 11:03:08.679" starttime="20231228 11:03:08.678"/>
</kw>
<kw name="Get From Dictionary" library="Collections">
<var>${runflag_status}</var>
<arg>${runflag}</arg>
<arg>TC85</arg>
<doc>Returns a value from the given ``dictionary`` based on the given ``key``.</doc>
<msg timestamp="20231228 11:03:08.680" level="INFO">${runflag_status} = 1</msg>
<status status="PASS" endtime="20231228 11:03:08.680" starttime="20231228 11:03:08.679"/>
</kw>
<kw name="Log" library="BuiltIn">
<arg>${runflag_status}</arg>
<doc>Logs the given message with the given level.</doc>
<msg timestamp="20231228 11:03:08.681" level="INFO">1</msg>
<status status="PASS" endtime="20231228 11:03:08.681" starttime="20231228 11:03:08.681"/>
</kw>
<if>
<branch type="IF" condition="'${runflag_status}' == '1'">
<kw name="Driving Browser And Url" library="admin.FromConfigFile">
<msg timestamp="20231228 11:03:15.850" level="INFO">url.value http://192.168.0.227/bb15se/Backbone/admin/login.aspx</msg>
<status status="PASS" endtime="20231228 11:03:15.850" starttime="20231228 11:03:08.682"/>
</kw>
<kw name="Logging" library="admin.FromConfigFile">
<arg>frontoffice</arg>
<msg timestamp="20231228 11:03:15.966" level="INFO">Clicking element 'xpath=//a[@href="#divNewSession"]'.</msg>
<msg timestamp="20231228 11:03:16.530" level="INFO">Typing text 'recpv15v1' into text field 'xpath=//*[@id="newuname"]'</msg>
<msg timestamp="20231228 11:03:16.632" level="INFO">Typing text 'aosta' into text field 'xpath=//*[@id="txtrepassword"]'</msg>
<msg timestamp="20231228 11:03:16.745" level="INFO">Clicking button 'xpath=//*[@id="btnrelogin"]'.</msg>
<status status="PASS" endtime="20231228 11:03:26.832" starttime="20231228 11:03:15.851"/>
</kw>
<kw name="Loading Menu Of Link Test" library="admin.FromConfigFile">
<arg>//FrontOfficeCS/tOPNewRegistration.aspx</arg>
<arg>frontoffice</arg>
<msg timestamp="20231228 11:03:32.022" level="INFO">Simulating Mouse Over on element 'xpath=//*[text()=" REGISTRATION"]/..'</msg>
<msg timestamp="20231228 11:03:33.342" level="INFO">Clicking element 'xpath=//*[text()="OP REGISTRATION"]'.</msg>
<msg timestamp="20231228 11:03:35.481" level="INFO">Clicking element 'xpath=//a[text()="OP NEW REGISTRATION "]'.</msg>
<msg timestamp="20231228 11:03:36.558" level="INFO">Clicking element 'xpath=//*[(text()="OP REGISTRATION")]'.</msg>
<msg timestamp="20231228 11:03:38.314" level="INFO">Simulating Mouse Over on element 'xpath=//*[@id="chkNewwindow"]'</msg>
<msg timestamp="20231228 11:03:43.603" level="INFO">top menu is  REGISTRATION
1
2
3
4
sub menu is OP REGISTRATION
5
main menu is OP NEW REGISTRATION</msg>
<status status="PASS" endtime="20231228 11:03:43.603" starttime="20231228 11:03:26.833"/>
</kw>
<kw name="Set Variable" library="BuiltIn">
<var>${opregdata}</var>
<arg>64</arg>
<doc>Returns the given values which can then be assigned to a variables.</doc>
<msg timestamp="20231228 11:03:43.604" level="INFO">${opregdata} = 64</msg>
<status status="PASS" endtime="20231228 11:03:43.604" starttime="20231228 11:03:43.604"/>
</kw>
<kw name="PERFORM_OP_NEW_REGISTRATION">
<arg>${opregdata}</arg>
<kw name="Screenshotonfailure" library="FrontOffice.InNewOpRegistration">
<msg timestamp="20231228 11:03:43.606" level="INFO">capturing_screenshot_on_failure will be run on failure.</msg>
<status status="PASS" endtime="20231228 11:03:43.606" starttime="20231228 11:03:43.606"/>
</kw>
<kw name="Selecting The Frame" library="FrontOffice.InNewOpRegistration">
<msg timestamp="20231228 11:03:46.610" level="INFO">Selecting frame 'xpath=//*[@id="frmMainPage"]'.</msg>
<status status="PASS" endtime="20231228 11:03:46.662" starttime="20231228 11:03:43.608"/>
</kw>
<kw name="Selecting Department With Data" library="FrontOffice.InNewOpRegistration">
<arg>${opregdata}</arg>
<msg timestamp="20231228 11:03:46.719" level="INFO">Selecting label(s) 'CARDIOLOGY' from list 'xpath=//*[@id="cboDepartment"]'.</msg>
<msg timestamp="20231228 11:03:47.053" level="INFO">dept selected</msg>
<status status="PASS" endtime="20231228 11:03:47.053" starttime="20231228 11:03:46.663"/>
</kw>
<kw name="Selecting Doctor With Data" library="FrontOffice.InNewOpRegistration">
<arg>${opregdata}</arg>
<msg timestamp="20231228 11:03:47.609" level="INFO">Selecting label(s) 'BIJU KUMARA' from list 'xpath=//*[@id="cboDoctorUnit"]'.</msg>
<msg timestamp="20231228 11:03:47.833" level="INFO">doctor selected</msg>
<status status="PASS" endtime="20231228 11:03:47.834" starttime="20231228 11:03:47.055"/>
</kw>
<kw name="Selecting Onlydoctor With Data" library="FrontOffice.InNewOpRegistration">
<arg>${opregdata}</arg>
<msg timestamp="20231228 11:03:47.835" level="INFO">Doctor and department field is not chosen in control settings</msg>
<status status="PASS" endtime="20231228 11:03:47.835" starttime="20231228 11:03:47.835"/>
</kw>
<kw name="Selecting Unit With Data" library="FrontOffice.InNewOpRegistration">
<arg>${opregdata}</arg>
<msg timestamp="20231228 11:03:47.837" level="INFO">Unit field is not chosen in control settings</msg>
<status status="PASS" endtime="20231228 11:03:47.837" starttime="20231228 11:03:47.837"/>
</kw>
<kw name="Selecting Sal With Data" library="FrontOffice.InNewOpRegistration">
<arg>${opregdata}</arg>
<msg timestamp="20231228 11:03:47.879" level="INFO">Selecting label(s) 'Mr' from list 'xpath=//*[@id="cboSal"]'.</msg>
<status status="PASS" endtime="20231228 11:03:47.998" starttime="20231228 11:03:47.839"/>
</kw>
<kw name="Entering Name With Data" library="FrontOffice.InNewOpRegistration">
<arg>${opregdata}</arg>
<msg timestamp="20231228 11:03:48.047" level="INFO">Typing text 'SARAVANAMBAL L Kl' into text field 'xpath=//*[@id="txtLastName"]'</msg>
<status status="PASS" endtime="20231228 11:03:48.271" starttime="20231228 11:03:47.999"/>
</kw>
<kw name="Selecting Gender With Data" library="FrontOffice.InNewOpRegistration">
<arg>${opregdata}</arg>
<msg timestamp="20231228 11:03:48.355" level="INFO">Selecting label(s) 'Female' from list 'xpath=//*[@id="cboGender"]'.</msg>
<status status="PASS" endtime="20231228 11:03:48.514" starttime="20231228 11:03:48.273"/>
</kw>
<kw name="Entering Age With Data" library="FrontOffice.InNewOpRegistration">
<arg>${opregdata}</arg>
<msg timestamp="20231228 11:03:48.557" level="INFO">Typing text '55' into text field 'xpath=//*[@id="txtAge"]'</msg>
<status status="PASS" endtime="20231228 11:03:48.736" starttime="20231228 11:03:48.516"/>
</kw>
<kw name="Selecting Nationality With Data" library="FrontOffice.InNewOpRegistration">
<msg timestamp="20231228 11:03:48.738" level="INFO">Nationality Mandatory field in control settings was not enabled</msg>
<status status="PASS" endtime="20231228 11:03:48.738" starttime="20231228 11:03:48.737"/>
</kw>
<kw name="Selecting Nationalityid With Data" library="FrontOffice.InNewOpRegistration">
<msg timestamp="20231228 11:03:48.739" level="INFO">Nationality Mandatory ID field in control settings was not enabled</msg>
<status status="PASS" endtime="20231228 11:03:48.739" starttime="20231228 11:03:48.739"/>
</kw>
<kw name="Selecting Occupation With Data" library="FrontOffice.InNewOpRegistration">
<msg timestamp="20231228 11:03:48.741" level="INFO">Occupation Mandatory field in control settings was not enabled</msg>
<status status="PASS" endtime="20231228 11:03:48.741" starttime="20231228 11:03:48.740"/>
</kw>
<kw name="Selecting Referraldoctor With Data" library="FrontOffice.InNewOpRegistration">
<msg timestamp="20231228 11:03:48.742" level="INFO">Referral doctor Mandatory field in control settings was not enabled</msg>
<status status="PASS" endtime="20231228 11:03:48.742" starttime="20231228 11:03:48.742"/>
</kw>
<kw name="Selecting Maritalstatus With Data" library="FrontOffice.InNewOpRegistration">
<arg>${opregdata}</arg>
<msg timestamp="20231228 11:03:48.787" level="INFO">Selecting label(s) 'Married' from list 'xpath=//*[@id="cboMartialStatus"]'.</msg>
<status status="PASS" endtime="20231228 11:03:48.950" starttime="20231228 11:03:48.743"/>
</kw>
<kw name="Entering Address With Data" library="FrontOffice.InNewOpRegistration">
<arg>${opregdata}</arg>
<msg timestamp="20231228 11:03:48.997" level="INFO">Typing text '143, Jm Nagar' into text field 'xpath=//*[@id="txtPresentAddress"]'</msg>
<status status="PASS" endtime="20231228 11:03:49.194" starttime="20231228 11:03:48.951"/>
</kw>
<kw name="Selecting City With Data" library="FrontOffice.InNewOpRegistration">
<arg>${opregdata}</arg>
<msg timestamp="20231228 11:03:49.239" level="INFO">Clicking element 'xpath=//*[@id="s2id_cboPresentCity"]'.</msg>
<msg timestamp="20231228 11:03:49.477" level="INFO">Typing text 'COIMBATORE' into text field 'xpath=//*[@id="select2-drop"]/div/input'</msg>
<msg timestamp="20231228 11:03:49.904" level="INFO">Clicking element 'xpath=//*[@id="select2-drop"]//span[text()="COIMBATORE"]'.</msg>
<status status="PASS" endtime="20231228 11:03:51.057" starttime="20231228 11:03:49.196"/>
</kw>
<kw name="Entering Mobile With Data" library="FrontOffice.InNewOpRegistration">
<arg>${opregdata}</arg>
<msg timestamp="20231228 11:03:51.097" level="INFO">Typing text '9120000508' into text field 'xpath=//*[@id="txtMobile"]'</msg>
<status status="PASS" endtime="20231228 11:03:51.281" starttime="20231228 11:03:51.058"/>
</kw>
<kw name="Selecting Savebtn" library="FrontOffice.InNewOpRegistration">
<msg timestamp="20231228 11:03:51.313" level="INFO">Clicking button 'xpath=//*[@id="btnSave"]'.</msg>
<status status="PASS" endtime="20231228 11:03:51.488" starttime="20231228 11:03:51.283"/>
</kw>
<kw name="Fetching Regno" library="FrontOffice.InNewOpRegistration">
<msg timestamp="20231228 11:03:53.457" level="INFO">3
9019
('Registered Reg number is', u'9019')</msg>
<status status="PASS" endtime="20231228 11:03:53.458" starttime="20231228 11:03:51.490"/>
</kw>
<kw name="Unselecting The Frame" library="FrontOffice.InNewOpRegistration">
<status status="PASS" endtime="20231228 11:03:53.474" starttime="20231228 11:03:53.459"/>
</kw>
<status status="PASS" endtime="20231228 11:03:53.475" starttime="20231228 11:03:43.605"/>
</kw>
<kw name="CHECKING_REDIRECT_TO_BILLING_OPTION">
<arg>OPBILLING</arg>
<if>
<branch type="IF" condition="('${nextmodule}' != 'FRONTOFFICE')">
<kw name="Logoff" library="admin.FromConfigFile">
<msg timestamp="20231228 11:03:53.515" level="INFO">Clicking element 'xpath=//*[@class="fa fa-power-off"]'.</msg>
<status status="PASS" endtime="20231228 11:03:54.380" starttime="20231228 11:03:53.477"/>
</kw>
<status status="PASS" endtime="20231228 11:03:54.380" starttime="20231228 11:03:53.475"/>
</branch>
<branch type="ELSE">
<kw name="Log" library="BuiltIn">
<arg>"Next module is same frontoffice module so didnt do logoff"</arg>
<doc>Logs the given message with the given level.</doc>
<status status="NOT RUN" endtime="20231228 11:03:54.382" starttime="20231228 11:03:54.382"/>
</kw>
<status status="NOT RUN" endtime="20231228 11:03:54.382" starttime="20231228 11:03:54.380"/>
</branch>
<status status="PASS" endtime="20231228 11:03:54.382" starttime="20231228 11:03:53.475"/>
</if>
<kw name="Evaluate" library="BuiltIn">
<var>${dict}</var>
<arg>admin.FromConfigFile.dict</arg>
<doc>Evaluates the given expression in Python and returns the result.</doc>
<msg timestamp="20231228 11:03:54.384" level="INFO">${dict} = {'REDIRECTTOBILL': 'False', 'Executed_Test_Name': u'Running LAB-OPFLOW Standard Service Test Case', 'DRIVER': &lt;selenium.webdriver.chrome.webdriver.WebDriver (session="e88b997efb804ebc8adb43472394bb51"...</msg>
<status status="PASS" endtime="20231228 11:03:54.384" starttime="20231228 11:03:54.384"/>
</kw>
<kw name="Get From Dictionary" library="Collections">
<var>${REDIRECTTOBILL}</var>
<arg>${dict}</arg>
<arg>REDIRECTTOBILL</arg>
<doc>Returns a value from the given ``dictionary`` based on the given ``key``.</doc>
<msg timestamp="20231228 11:03:54.386" level="INFO">${REDIRECTTOBILL} = False</msg>
<status status="PASS" endtime="20231228 11:03:54.386" starttime="20231228 11:03:54.385"/>
</kw>
<kw name="Get From Dictionary" library="Collections">
<var>${REGBILLAPPRROVAL}</var>
<arg>${dict}</arg>
<arg>REGBILLAPPRROVAL</arg>
<doc>Returns a value from the given ``dictionary`` based on the given ``key``.</doc>
<msg timestamp="20231228 11:03:54.387" level="INFO">${REGBILLAPPRROVAL} = True</msg>
<status status="PASS" endtime="20231228 11:03:54.387" starttime="20231228 11:03:54.387"/>
</kw>
<kw name="Get From Dictionary" library="Collections">
<var>${BILLINGDATAS}</var>
<arg>${dict}</arg>
<arg>BILLINGDATAS</arg>
<doc>Returns a value from the given ``dictionary`` based on the given ``key``.</doc>
<msg timestamp="20231228 11:03:54.388" level="INFO">${BILLINGDATAS} = True</msg>
<status status="PASS" endtime="20231228 11:03:54.388" starttime="20231228 11:03:54.388"/>
</kw>
<if>
<branch type="IF" condition="('${BILLINGDATAS}' == 'True')">
<if>
<branch type="IF" condition="('${REDIRECTTOBILL}' == 'True') and ('${REGBILLAPPRROVAL}' == 'True')">
<kw name="Perform opbilling for registration and consultation charges">
<status status="NOT RUN" endtime="20231228 11:03:54.389" starttime="20231228 11:03:54.389"/>
</kw>
<if>
<branch type="IF" condition="('${nextmodule}' == 'FRONTOFFICE')">
<kw name="Logging" library="admin.FromConfigFile">
<arg>frontoffice</arg>
<status status="NOT RUN" endtime="20231228 11:03:54.390" starttime="20231228 11:03:54.390"/>
</kw>
<status status="NOT RUN" endtime="20231228 11:03:54.390" starttime="20231228 11:03:54.389"/>
</branch>
<branch type="ELSE">
<kw name="Log" library="BuiltIn">
<arg>"Next module is same frontoffice module so didnt do logoff"</arg>
<doc>Logs the given message with the given level.</doc>
<status status="NOT RUN" endtime="20231228 11:03:54.391" starttime="20231228 11:03:54.391"/>
</kw>
<status status="NOT RUN" endtime="20231228 11:03:54.391" starttime="20231228 11:03:54.390"/>
</branch>
<status status="NOT RUN" endtime="20231228 11:03:54.391" starttime="20231228 11:03:54.389"/>
</if>
<status status="NOT RUN" endtime="20231228 11:03:54.391" starttime="20231228 11:03:54.389"/>
</branch>
<branch type="ELSE IF" condition="('${REDIRECTTOBILL}' == 'False') and ('${REGBILLAPPRROVAL}' == 'True')">
<kw name="Perform opbilling for registration and consultation charges">
<kw name="Logging" library="admin.FromConfigFile">
<arg>opbilling</arg>
<msg timestamp="20231228 11:03:54.521" level="INFO">Clicking element 'xpath=//a[@href="#divNewSession"]'.</msg>
<msg timestamp="20231228 11:03:55.062" level="INFO">Typing text 'opbillv15v1' into text field 'xpath=//*[@id="newuname"]'</msg>
<msg timestamp="20231228 11:03:55.146" level="INFO">Typing text 'aosta' into text field 'xpath=//*[@id="txtrepassword"]'</msg>
<msg timestamp="20231228 11:03:55.247" level="INFO">Clicking button 'xpath=//*[@id="btnrelogin"]'.</msg>
<status status="PASS" endtime="20231228 11:04:05.341" starttime="20231228 11:03:54.393"/>
</kw>
<kw name="Loading Menu Of Link Test" library="admin.FromConfigFile">
<arg>//Billing/OPBillTransaction/OPSearch.aspx?opt=2</arg>
<arg>opbilling</arg>
<msg timestamp="20231228 11:04:10.599" level="INFO">Simulating Mouse Over on element 'xpath=//*[text()="OP TRANSACTIONS"]/..'</msg>
<msg timestamp="20231228 11:04:11.913" level="INFO">Clicking element 'xpath=//*[text()="OP BILLINGS"]'.</msg>
<msg timestamp="20231228 11:04:14.074" level="INFO">Clicking element 'xpath=//a[text()="OP BILLLING"]'.</msg>
<msg timestamp="20231228 11:04:15.176" level="INFO">Clicking element 'xpath=//*[(text()="OP BILLINGS")]'.</msg>
<msg timestamp="20231228 11:04:16.265" level="INFO">Simulating Mouse Over on element 'xpath=//*[@id="chkNewwindow"]'</msg>
<msg timestamp="20231228 11:04:21.577" level="INFO">top menu is OP TRANSACTIONS
1
2
3
4
sub menu is OP BILLINGS
5
main menu is OP BILLLING</msg>
<status status="PASS" endtime="20231228 11:04:21.577" starttime="20231228 11:04:05.342"/>
</kw>
<kw name="Screenshotonfailure" library="OPBilling.InOPBilling">
<msg timestamp="20231228 11:04:21.579" level="INFO">capturing_screenshot_on_failure will be run on failure.</msg>
<status status="PASS" endtime="20231228 11:04:21.579" starttime="20231228 11:04:21.578"/>
</kw>
<kw name="Selecting Opbilling Frame" library="OPBilling.InOPBilling">
<msg timestamp="20231228 11:04:21.615" level="INFO">Selecting frame 'xpath=//*[@id="frmMainPage"]'.</msg>
<msg timestamp="20231228 11:04:21.649" level="INFO">Selecting frame 'xpath=//*[@id="tab_1"]/iframe'.</msg>
<status status="PASS" endtime="20231228 11:04:24.692" starttime="20231228 11:04:21.580"/>
</kw>
<kw name="Entering Regno With Data" library="OPBilling.InOPBilling">
<msg timestamp="20231228 11:04:24.742" level="INFO">Typing text '9019' into text field 'xpath=//*[@id="txtRegNo"]'</msg>
<msg timestamp="20231228 11:04:24.895" level="INFO">Clicking button 'xpath=//*[@id="btnSearch1"]'.</msg>
<msg timestamp="20231228 11:04:30.168" level="INFO">2</msg>
<status status="PASS" endtime="20231228 11:04:30.168" starttime="20231228 11:04:24.693"/>
</kw>
<kw name="Entering Remarks" library="OPBilling.InOPBilling">
<arg>${testdata}</arg>
<msg timestamp="20231228 11:04:30.203" level="INFO">Typing text 'test' into text field 'xpath=//*[@id="txtRemarks"]'</msg>
<status status="PASS" endtime="20231228 11:04:30.342" starttime="20231228 11:04:30.169"/>
</kw>
<kw name="Get Opbillpayableamount" library="OPBilling.InOPBilling">
<msg timestamp="20231228 11:04:30.407" level="INFO">200.00</msg>
<status status="PASS" endtime="20231228 11:04:30.407" starttime="20231228 11:04:30.343"/>
</kw>
<kw name="Selecting Paymode Link" library="OPBilling.InPayMode">
<msg timestamp="20231228 11:04:35.506" level="INFO">Clicking link 'xpath=//a[@id="paymentDetailLink"]'.</msg>
<status status="PASS" endtime="20231228 11:04:35.695" starttime="20231228 11:04:30.409"/>
</kw>
<kw name="Selecting Paymode Frame" library="OPBilling.InPayMode">
<msg timestamp="20231228 11:04:36.213" level="INFO">Selecting frame 'xpath=//*[@id="iframe1"]'.</msg>
<status status="PASS" endtime="20231228 11:04:41.301" starttime="20231228 11:04:35.696"/>
</kw>
<kw name="Selecting Paymenttype Save Button" library="OPBilling.InPayMode">
<msg timestamp="20231228 11:04:41.319" level="INFO">Current page contains element 'xpath=//*[@id="savecashdetails"]'.</msg>
<msg timestamp="20231228 11:04:41.319" level="INFO">Clicking button 'xpath=//*[@id="savecashdetails"]'.</msg>
<msg timestamp="20231228 11:04:41.560" level="INFO">Payment Detail ---------------------- Cash Amount : 200.00</msg>
<status status="PASS" endtime="20231228 11:04:41.561" starttime="20231228 11:04:41.302"/>
</kw>
<kw name="Unselecting The Frame" library="OPBilling.InPayMode">
<status status="PASS" endtime="20231228 11:04:41.584" starttime="20231228 11:04:41.563"/>
</kw>
<kw name="Selecting Opbilling Frame" library="OPBilling.InOPBilling">
<msg timestamp="20231228 11:04:41.621" level="INFO">Selecting frame 'xpath=//*[@id="frmMainPage"]'.</msg>
<msg timestamp="20231228 11:04:41.660" level="INFO">Selecting frame 'xpath=//*[@id="tab_1"]/iframe'.</msg>
<status status="PASS" endtime="20231228 11:04:44.726" starttime="20231228 11:04:41.586"/>
</kw>
<kw name="Selecting Opbilling Save Button" library="OPBilling.InOPBilling">
<msg timestamp="20231228 11:04:44.754" level="INFO">Clicking element 'xpath=//*[@id="btnSaveText"]'.</msg>
<status status="PASS" endtime="20231228 11:04:51.952" starttime="20231228 11:04:44.727"/>
</kw>
<kw name="Unselecting The Frame" library="OPBilling.InOPBilling">
<status status="PASS" endtime="20231228 11:04:51.958" starttime="20231228 11:04:51.953"/>
</kw>
<kw name="Logoff" library="admin.FromConfigFile">
<msg timestamp="20231228 11:04:52.001" level="INFO">Clicking element 'xpath=//*[@class="fa fa-power-off"]'.</msg>
<status status="PASS" endtime="20231228 11:04:52.360" starttime="20231228 11:04:51.959"/>
</kw>
<status status="PASS" endtime="20231228 11:04:52.361" starttime="20231228 11:03:54.392"/>
</kw>
<if>
<branch type="IF" condition="('${nextmodule}' == 'FRONTOFFICE')">
<kw name="Logging" library="admin.FromConfigFile">
<arg>frontoffice</arg>
<status status="NOT RUN" endtime="20231228 11:04:52.362" starttime="20231228 11:04:52.362"/>
</kw>
<status status="NOT RUN" endtime="20231228 11:04:52.362" starttime="20231228 11:04:52.361"/>
</branch>
<branch type="ELSE">
<kw name="Log" library="BuiltIn">
<arg>"Next module is same frontoffice module so didnt do logoff"</arg>
<doc>Logs the given message with the given level.</doc>
<msg timestamp="20231228 11:04:52.364" level="INFO">"Next module is same frontoffice module so didnt do logoff"</msg>
<status status="PASS" endtime="20231228 11:04:52.364" starttime="20231228 11:04:52.363"/>
</kw>
<status status="PASS" endtime="20231228 11:04:52.364" starttime="20231228 11:04:52.362"/>
</branch>
<status status="PASS" endtime="20231228 11:04:52.364" starttime="20231228 11:04:52.361"/>
</if>
<status status="PASS" endtime="20231228 11:04:52.364" starttime="20231228 11:03:54.392"/>
</branch>
<status status="PASS" endtime="20231228 11:04:52.364" starttime="20231228 11:03:54.389"/>
</if>
<status status="PASS" endtime="20231228 11:04:52.364" starttime="20231228 11:03:54.389"/>
</branch>
<branch type="ELSE IF" condition="('${BILLINGDATAS}' == 'False')">
<kw name="Log" library="BuiltIn">
<arg>"billing datas in control panel settings are disabled"</arg>
<doc>Logs the given message with the given level.</doc>
<status status="NOT RUN" endtime="20231228 11:04:52.365" starttime="20231228 11:04:52.365"/>
</kw>
<status status="NOT RUN" endtime="20231228 11:04:52.365" starttime="20231228 11:04:52.364"/>
</branch>
<branch type="ELSE">
<kw name="Log" library="BuiltIn">
<arg>"no need to save in opbilling screen for registration and consultation charges"</arg>
<doc>Logs the given message with the given level.</doc>
<status status="NOT RUN" endtime="20231228 11:04:52.366" starttime="20231228 11:04:52.366"/>
</kw>
<status status="NOT RUN" endtime="20231228 11:04:52.366" starttime="20231228 11:04:52.365"/>
</branch>
<status status="PASS" endtime="20231228 11:04:52.367" starttime="20231228 11:03:54.388"/>
</if>
<status status="PASS" endtime="20231228 11:04:52.367" starttime="20231228 11:03:53.475"/>
</kw>
<kw name="Set Variable" library="BuiltIn">
<var>${servicename}</var>
<arg>"adding_lab_standard_service"</arg>
<doc>Returns the given values which can then be assigned to a variables.</doc>
<msg timestamp="20231228 11:04:52.369" level="INFO">${servicename} = "adding_lab_standard_service"</msg>
<status status="PASS" endtime="20231228 11:04:52.369" starttime="20231228 11:04:52.368"/>
</kw>
<kw name="PERFORM_OP_BILLING">
<arg>${servicename}</arg>
<kw name="Log" library="BuiltIn">
<arg>${servicename}</arg>
<doc>Logs the given message with the given level.</doc>
<msg timestamp="20231228 11:04:52.370" level="INFO">"adding_lab_standard_service"</msg>
<status status="PASS" endtime="20231228 11:04:52.371" starttime="20231228 11:04:52.370"/>
</kw>
<kw name="Logging" library="admin.FromConfigFile">
<arg>opbilling</arg>
<msg timestamp="20231228 11:04:52.494" level="INFO">Clicking element 'xpath=//a[@href="#divNewSession"]'.</msg>
<msg timestamp="20231228 11:04:53.046" level="INFO">Typing text 'opbillv15v1' into text field 'xpath=//*[@id="newuname"]'</msg>
<msg timestamp="20231228 11:04:53.150" level="INFO">Typing text 'aosta' into text field 'xpath=//*[@id="txtrepassword"]'</msg>
<msg timestamp="20231228 11:04:53.260" level="INFO">Clicking button 'xpath=//*[@id="btnrelogin"]'.</msg>
<status status="PASS" endtime="20231228 11:05:03.351" starttime="20231228 11:04:52.372"/>
</kw>
<kw name="Loading Menu Of Link Test" library="admin.FromConfigFile">
<arg>//Billing/OPBillTransaction/OPSearch.aspx?opt=2</arg>
<arg>opbilling</arg>
<msg timestamp="20231228 11:05:08.533" level="INFO">Simulating Mouse Over on element 'xpath=//*[text()="OP TRANSACTIONS"]/..'</msg>
<msg timestamp="20231228 11:05:09.831" level="INFO">Clicking element 'xpath=//*[text()="OP BILLINGS"]'.</msg>
<msg timestamp="20231228 11:05:11.972" level="INFO">Clicking element 'xpath=//a[text()="OP BILLLING"]'.</msg>
<msg timestamp="20231228 11:05:13.047" level="INFO">Clicking element 'xpath=//*[(text()="OP BILLINGS")]'.</msg>
<msg timestamp="20231228 11:05:14.221" level="INFO">Simulating Mouse Over on element 'xpath=//*[@id="chkNewwindow"]'</msg>
<msg timestamp="20231228 11:05:19.533" level="INFO">top menu is OP TRANSACTIONS
1
2
3
4
sub menu is OP BILLINGS
5
main menu is OP BILLLING</msg>
<status status="PASS" endtime="20231228 11:05:19.533" starttime="20231228 11:05:03.352"/>
</kw>
<kw name="Screenshotonfailure" library="OPBilling.InOPBilling">
<msg timestamp="20231228 11:05:19.534" level="INFO">capturing_screenshot_on_failure will be run on failure.</msg>
<status status="PASS" endtime="20231228 11:05:19.534" starttime="20231228 11:05:19.534"/>
</kw>
<kw name="Selecting Opbilling Frame" library="OPBilling.InOPBilling">
<msg timestamp="20231228 11:05:19.574" level="INFO">Selecting frame 'xpath=//*[@id="frmMainPage"]'.</msg>
<msg timestamp="20231228 11:05:19.617" level="INFO">Selecting frame 'xpath=//*[@id="tab_1"]/iframe'.</msg>
<status status="PASS" endtime="20231228 11:05:22.660" starttime="20231228 11:05:19.535"/>
</kw>
<kw name="Entering Regno With Data" library="OPBilling.InOPBilling">
<msg timestamp="20231228 11:05:22.714" level="INFO">Typing text '9019' into text field 'xpath=//*[@id="txtRegNo"]'</msg>
<msg timestamp="20231228 11:05:22.884" level="INFO">Clicking button 'xpath=//*[@id="btnSearch1"]'.</msg>
<msg timestamp="20231228 11:05:28.111" level="INFO">2</msg>
<status status="PASS" endtime="20231228 11:05:28.111" starttime="20231228 11:05:22.661"/>
</kw>
<if>
<branch type="IF" condition="${servicename} == &quot;adding_cardiology_service&quot;">
<kw name="Adding Cardiology Service" library="OPBilling.InOPBilling">
<arg>${testdata}</arg>
<status status="NOT RUN" endtime="20231228 11:05:28.113" starttime="20231228 11:05:28.112"/>
</kw>
<status status="NOT RUN" endtime="20231228 11:05:28.113" starttime="20231228 11:05:28.111"/>
</branch>
<branch type="ELSE IF" condition="${servicename} == &quot;adding_radiology_service&quot;">
<kw name="Adding Radiology Service" library="OPBilling.InOPBilling">
<arg>${testdata}</arg>
<status status="NOT RUN" endtime="20231228 11:05:28.114" starttime="20231228 11:05:28.114"/>
</kw>
<status status="NOT RUN" endtime="20231228 11:05:28.114" starttime="20231228 11:05:28.113"/>
</branch>
<branch type="ELSE IF" condition="${servicename} == &quot;adding_lab_standard_service&quot;">
<kw name="Adding Lab Standard Service" library="OPBilling.InOPBilling">
<arg>${testdata}</arg>
<msg timestamp="20231228 11:05:28.152" level="INFO">Typing text 'Blood Ammonia' into text field 'xpath=//*[@id="select2-drop"]//input'</msg>
<msg timestamp="20231228 11:05:28.544" level="INFO">Clicking element 'xpath=//*[text()="Blood Ammonia"]'.</msg>
<msg timestamp="20231228 11:05:28.774" level="INFO">Clicking element 'xpath=//*[@id="s2id_txtServiceName"]/a'.</msg>
<status status="PASS" endtime="20231228 11:05:28.943" starttime="20231228 11:05:28.115"/>
</kw>
<status status="PASS" endtime="20231228 11:05:28.943" starttime="20231228 11:05:28.114"/>
</branch>
<branch type="ELSE IF" condition="${servicename} == &quot;adding_lab_culture_service&quot;">
<kw name="Adding Lab Culture Service" library="OPBilling.InOPBilling">
<arg>${testdata}</arg>
<status status="NOT RUN" endtime="20231228 11:05:28.946" starttime="20231228 11:05:28.946"/>
</kw>
<status status="NOT RUN" endtime="20231228 11:05:28.946" starttime="20231228 11:05:28.944"/>
</branch>
<branch type="ELSE IF" condition="${servicename} == &quot;adding_lab_pathology_service&quot;">
<kw name="Adding Lab Pathology Service" library="OPBilling.InOPBilling">
<arg>${testdata}</arg>
<status status="NOT RUN" endtime="20231228 11:05:28.948" starttime="20231228 11:05:28.948"/>
</kw>
<status status="NOT RUN" endtime="20231228 11:05:28.948" starttime="20231228 11:05:28.946"/>
</branch>
<branch type="ELSE IF" condition="${servicename} == &quot;adding_lab_peripheral_service&quot;">
<kw name="Adding Lab Peripheral Service" library="OPBilling.InOPBilling">
<arg>${testdata}</arg>
<status status="NOT RUN" endtime="20231228 11:05:28.949" starttime="20231228 11:05:28.949"/>
</kw>
<status status="NOT RUN" endtime="20231228 11:05:28.949" starttime="20231228 11:05:28.948"/>
</branch>
<branch type="ELSE IF" condition="${servicename} == &quot;adding_physio_service&quot;">
<kw name="Adding Physio Service" library="OPBilling.InOPBilling">
<arg>${testdata}</arg>
<status status="NOT RUN" endtime="20231228 11:05:28.951" starttime="20231228 11:05:28.950"/>
</kw>
<status status="NOT RUN" endtime="20231228 11:05:28.951" starttime="20231228 11:05:28.949"/>
</branch>
<status status="PASS" endtime="20231228 11:05:28.951" starttime="20231228 11:05:28.111"/>
</if>
<kw name="Pressing Tabkey" library="OPBilling.InOPBilling">
<status status="PASS" endtime="20231228 11:05:29.067" starttime="20231228 11:05:28.952"/>
</kw>
<kw name="Entering Remarks" library="OPBilling.InOPBilling">
<arg>${testdata}</arg>
<msg timestamp="20231228 11:05:29.103" level="INFO">Typing text 'test' into text field 'xpath=//*[@id="txtRemarks"]'</msg>
<status status="PASS" endtime="20231228 11:05:29.237" starttime="20231228 11:05:29.069"/>
</kw>
<kw name="Get Opbillpayableamount" library="OPBilling.InOPBilling">
<msg timestamp="20231228 11:05:29.307" level="INFO">500.00</msg>
<status status="PASS" endtime="20231228 11:05:29.307" starttime="20231228 11:05:29.238"/>
</kw>
<kw name="Selecting Paymode Link" library="OPBilling.InPayMode">
<msg timestamp="20231228 11:05:34.389" level="INFO">Clicking link 'xpath=//a[@id="paymentDetailLink"]'.</msg>
<status status="PASS" endtime="20231228 11:05:34.586" starttime="20231228 11:05:29.307"/>
</kw>
<kw name="Selecting Paymode Frame" library="OPBilling.InPayMode">
<msg timestamp="20231228 11:05:34.934" level="INFO">Selecting frame 'xpath=//*[@id="iframe1"]'.</msg>
<status status="PASS" endtime="20231228 11:05:40.021" starttime="20231228 11:05:34.587"/>
</kw>
<kw name="Selecting Paymenttype Save Button" library="OPBilling.InPayMode">
<msg timestamp="20231228 11:05:40.041" level="INFO">Current page contains element 'xpath=//*[@id="savecashdetails"]'.</msg>
<msg timestamp="20231228 11:05:40.041" level="INFO">Clicking button 'xpath=//*[@id="savecashdetails"]'.</msg>
<msg timestamp="20231228 11:05:40.312" level="INFO">Payment Detail ---------------------- Cash Amount : 500.00</msg>
<status status="PASS" endtime="20231228 11:05:40.312" starttime="20231228 11:05:40.022"/>
</kw>
<kw name="Unselecting The Frame" library="OPBilling.InPayMode">
<status status="PASS" endtime="20231228 11:05:40.333" starttime="20231228 11:05:40.313"/>
</kw>
<kw name="Selecting Opbilling Frame" library="OPBilling.InOPBilling">
<msg timestamp="20231228 11:05:40.374" level="INFO">Selecting frame 'xpath=//*[@id="frmMainPage"]'.</msg>
<msg timestamp="20231228 11:05:40.413" level="INFO">Selecting frame 'xpath=//*[@id="tab_1"]/iframe'.</msg>
<status status="PASS" endtime="20231228 11:05:43.473" starttime="20231228 11:05:40.335"/>
</kw>
<kw name="Selecting Opbilling Save Button" library="OPBilling.InOPBilling">
<msg timestamp="20231228 11:05:43.505" level="INFO">Clicking element 'xpath=//*[@id="btnSaveText"]'.</msg>
<status status="PASS" endtime="20231228 11:05:50.689" starttime="20231228 11:05:43.474"/>
</kw>
<kw name="Unselecting The Frame" library="OPBilling.InOPBilling">
<status status="PASS" endtime="20231228 11:05:50.695" starttime="20231228 11:05:50.690"/>
</kw>
<status status="PASS" endtime="20231228 11:05:50.695" starttime="20231228 11:04:52.369"/>
</kw>
<kw name="Logoff" library="admin.FromConfigFile">
<msg timestamp="20231228 11:05:50.738" level="INFO">Clicking element 'xpath=//*[@class="fa fa-power-off"]'.</msg>
<status status="PASS" endtime="20231228 11:05:51.610" starttime="20231228 11:05:50.696"/>
</kw>
<kw name="Logging" library="admin.FromConfigFile">
<arg>lab</arg>
<msg timestamp="20231228 11:05:51.883" level="INFO">Clicking element 'xpath=//a[@href="#divNewSession"]'.</msg>
<msg timestamp="20231228 11:05:52.450" level="INFO">Typing text 'labv15v1' into text field 'xpath=//*[@id="newuname"]'</msg>
<msg timestamp="20231228 11:05:52.545" level="INFO">Typing text 'aosta' into text field 'xpath=//*[@id="txtrepassword"]'</msg>
<msg timestamp="20231228 11:05:52.654" level="INFO">Clicking button 'xpath=//*[@id="btnrelogin"]'.</msg>
<status status="PASS" endtime="20231228 11:06:02.731" starttime="20231228 11:05:51.611"/>
</kw>
<kw name="Evaluate" library="BuiltIn">
<var>${cs}</var>
<arg>common_reader.Capturing.cs</arg>
<doc>Evaluates the given expression in Python and returns the result.</doc>
<msg timestamp="20231228 11:06:02.732" level="INFO">${cs} = {u'cs19': 1L, u'cs18': 3L, u'cs11': 1L, u'cs10': 0L, u'cs13': 1L, u'cs12': 2000L, u'cs15': 1L, u'cs14': 1L, u'cs17': 1L, u'cs16': 1L, u'cs502': 0L, u'cs503': 1L, u'cs20': 1L, u'cs21': 1L, u'cs22': 1L,...</msg>
<status status="PASS" endtime="20231228 11:06:02.732" starttime="20231228 11:06:02.732"/>
</kw>
<kw name="Get From Dictionary" library="Collections">
<var>${control_status}</var>
<arg>${cs}</arg>
<arg>cs21</arg>
<doc>Returns a value from the given ``dictionary`` based on the given ``key``.</doc>
<msg timestamp="20231228 11:06:02.734" level="INFO">${control_status} = 1</msg>
<status status="PASS" endtime="20231228 11:06:02.734" starttime="20231228 11:06:02.733"/>
</kw>
<if>
<branch type="IF" condition="'${control_status}' == '1'">
<kw name="Loading Menu Of Link Test" library="admin.FromConfigFile">
<arg>///Lab/FrontOffApprovalTestWise.aspx</arg>
<arg>lab</arg>
<msg timestamp="20231228 11:06:07.910" level="INFO">Simulating Mouse Over on element 'xpath=//*[text()="TRANSACTIONS"]/..'</msg>
<msg timestamp="20231228 11:06:09.209" level="INFO">Clicking element 'xpath=//*[text()="SPECIMEN SEND AND RECEIVE"]'.</msg>
<msg timestamp="20231228 11:06:11.349" level="INFO">Clicking element 'xpath=//a[text()="SPECIMEN COLLECTION-LAB"]'.</msg>
<msg timestamp="20231228 11:06:12.418" level="INFO">Clicking element 'xpath=//*[(text()="SPECIMEN SEND AND RECEIVE")]'.</msg>
<msg timestamp="20231228 11:06:13.507" level="INFO">Simulating Mouse Over on element 'xpath=//*[@id="chkNewwindow"]'</msg>
<msg timestamp="20231228 11:06:18.823" level="INFO">top menu is TRANSACTIONS
1
2
3
4
sub menu is SPECIMEN SEND AND RECEIVE
5
main menu is SPECIMEN COLLECTION-LAB</msg>
<status status="PASS" endtime="20231228 11:06:18.823" starttime="20231228 11:06:02.735"/>
</kw>
<kw name="Screenshotonfailure" library="Lab.InSpecimenCollectionLab">
<msg timestamp="20231228 11:06:18.824" level="INFO">capturing_screenshot_on_failure will be run on failure.</msg>
<status status="PASS" endtime="20231228 11:06:18.824" starttime="20231228 11:06:18.824"/>
</kw>
<kw name="Selecting The Frame" library="Lab.InSpecimenCollectionLab">
<msg timestamp="20231228 11:06:18.826" level="INFO">Selecting frame 'xpath=//*[@id="frmMainPage"]'.</msg>
<status status="PASS" endtime="20231228 11:06:23.871" starttime="20231228 11:06:18.825"/>
</kw>
<kw name="Validate Patient Test" library="Lab.InSpecimenCollectionLab">
<msg timestamp="20231228 11:06:23.924" level="INFO">Typing text '9019' into text field 'xpath=//*[@id="txtRegNo"]'</msg>
<msg timestamp="20231228 11:06:24.095" level="INFO">Clicking button 'xpath=//*[(text()="Search")]'.</msg>
<status status="PASS" endtime="20231228 11:06:27.338" starttime="20231228 11:06:23.872"/>
</kw>
<kw name="Selecting Allcheckboxes" library="Lab.InSpecimenCollectionLab">
<msg timestamp="20231228 11:06:29.424" level="INFO">Clicking element 'xpath=//*[@id="checkAll"]/../label/span[3]'.</msg>
<status status="PASS" endtime="20231228 11:06:34.578" starttime="20231228 11:06:27.340"/>
</kw>
<kw name="Clicking Approve Button" library="Lab.InSpecimenCollectionLab">
<msg timestamp="20231228 11:06:34.610" level="INFO">Clicking button 'xpath=//*[(text()="Approve")]'.</msg>
<status status="PASS" endtime="20231228 11:06:34.749" starttime="20231228 11:06:34.579"/>
</kw>
<kw name="Getmessage After Specimencollected" library="Lab.InSpecimenCollectionLab">
<msg timestamp="20231228 11:06:36.644" level="INFO">Test Approved Successfully</msg>
<status status="PASS" endtime="20231228 11:06:36.644" starttime="20231228 11:06:34.750"/>
</kw>
<kw name="Unselecting The Frame" library="Lab.InSpecimenCollectionLab">
<status status="PASS" endtime="20231228 11:06:36.651" starttime="20231228 11:06:36.646"/>
</kw>
<status status="PASS" endtime="20231228 11:06:36.651" starttime="20231228 11:06:02.734"/>
</branch>
<branch type="ELSE">
<kw name="Log" library="BuiltIn">
<arg>"FrontOffice Approval IP&amp;OP was disabled in control panel so skipped this flow"</arg>
<doc>Logs the given message with the given level.</doc>
<status status="NOT RUN" endtime="20231228 11:06:36.652" starttime="20231228 11:06:36.652"/>
</kw>
<status status="NOT RUN" endtime="20231228 11:06:36.652" starttime="20231228 11:06:36.651"/>
</branch>
<status status="PASS" endtime="20231228 11:06:36.652" starttime="20231228 11:06:02.734"/>
</if>
<kw name="Evaluate" library="BuiltIn">
<var>${cs}</var>
<arg>common_reader.Capturing.cs</arg>
<doc>Evaluates the given expression in Python and returns the result.</doc>
<msg timestamp="20231228 11:06:36.653" level="INFO">${cs} = {u'cs19': 1L, u'cs18': 3L, u'cs11': 1L, u'cs10': 0L, u'cs13': 1L, u'cs12': 2000L, u'cs15': 1L, u'cs14': 1L, u'cs17': 1L, u'cs16': 1L, u'cs502': 0L, u'cs503': 1L, u'cs20': 1L, u'cs21': 1L, u'cs22': 1L,...</msg>
<status status="PASS" endtime="20231228 11:06:36.653" starttime="20231228 11:06:36.653"/>
</kw>
<kw name="Get From Dictionary" library="Collections">
<var>${control_status}</var>
<arg>${cs}</arg>
<arg>cs19</arg>
<doc>Returns a value from the given ``dictionary`` based on the given ``key``.</doc>
<msg timestamp="20231228 11:06:36.655" level="INFO">${control_status} = 1</msg>
<status status="PASS" endtime="20231228 11:06:36.655" starttime="20231228 11:06:36.654"/>
</kw>
<if>
<branch type="IF" condition="'${control_status}' == '1'">
<kw name="Loading Menu Of Link Test" library="admin.FromConfigFile">
<arg>//Lab/LabSpecimenSendDeptSearch.aspx</arg>
<arg>lab</arg>
<msg timestamp="20231228 11:06:41.839" level="INFO">Simulating Mouse Over on element 'xpath=//*[text()="TRANSACTIONS"]/..'</msg>
<msg timestamp="20231228 11:06:43.164" level="INFO">Clicking element 'xpath=//*[text()="SPECIMEN SEND AND RECEIVE"]'.</msg>
<kw name="Capture Page Screenshot">
<msg timestamp="20231228 11:07:04.457" level="FAIL">Multiple keywords with name 'Capture Page Screenshot' found. Give the full name of the keyword you want to use:
    Card.InApprovalrevert.Capture Page Screenshot
    Card.InCancelRequest.Capture Page Screenshot
    Card.InCancelRequestApproval.Capture Page Screenshot
    Card.InCancelRequestprint.Capture Page Screenshot
    Card.InRequestApproval.Capture Page Screenshot
    Card.InRequestCancelDirect.Capture Page Screenshot
    Card.InRequestPrintCopy.Capture Page Screenshot
    Card.InResultApprove.Capture Page Screenshot
    Card.InResultDispatch.Capture Page Screenshot
    Card.InResultEntry.Capture Page Screenshot
    Card.InResultUpdate.Capture Page Screenshot
    FrontOffice.CampRegistrationModify.Capture Page Screenshot
    FrontOffice.DoctorAppointment.Capture Page Screenshot
    FrontOffice.DoctorAppointmentBlockAndUnblock.Capture Page Screenshot
    FrontOffice.DoctorAppointmentCancellation.Capture Page Screenshot
    FrontOffice.InBillableBedTypeUpdate.Capture Page Screenshot
    FrontOffice.InCampRegistration.Capture Page Screenshot
    FrontOffice.InDoctorOpinionEntry.Capture Page Screenshot
    FrontOffice.InIPCaseSheetDirect.Capture Page Screenshot
    FrontOffice.InIPCaseSheetPreview.Capture Page Screenshot
    FrontOffice.InIPDirectAdmission.Capture Page Screenshot
    FrontOffice.InIPDoctorUpdate.Capture Page Screenshot
    FrontOffice.InIPRegistration.Capture Page Screenshot
    FrontOffice.InMHCPackageUpdate.Capture Page Screenshot
    FrontOffice.InNewMhcRegistration.Capture Page Screenshot
    FrontOffice.InNewOpRegistration.Capture Page Screenshot
    FrontOffice.InOTPatientUpdate.Capture Page Screenshot
    FrontOffice.InOpCaseSheetDirect.Capture Page Screenshot
    FrontOffice.InOpCaseSheetPreview.Capture Page Screenshot
    FrontOffice.InOpRegistrationCancel.Capture Page Screenshot
    FrontOffice.InOpinionConvertToIP.Capture Page Screenshot
    FrontOffice.InPatientBlockAndUnblock.Capture Page Screenshot
    FrontOffice.InPharmacyPayTypeUpdate.Capture Page Screenshot
    FrontOffice.InReviewMhcRegistration.Capture Page Screenshot
    FrontOffice.InReviewRegistration.Capture Page Screenshot
    FrontOffice.InTempToOPConversion.Capture Page Screenshot
    FrontOffice.InTemporaryRegistration.Capture Page Screenshot
    FrontOffice.PatientDetailUpdate.Capture Page Screenshot
    FrontOffice.TokenTransferForDoctorAppointmentAll.Capture Page Screenshot
    FrontOffice.TokenTransferForDoctorAppointmentIndividual.Capture Page Screenshot
    IPBilling.InAdvancePayment.Capture Page Screenshot
    IPBilling.InAdvanceTransfer.Capture Page Screenshot
    IPBilling.InIPBillCancellation.Capture Page Screenshot
    IPBilling.InIPBillGeneration.Capture Page Screenshot
    IPBilling.InIPBillPrintCopy.Capture Page Screenshot
    IPBilling.InIPConcessionApproval.Capture Page Screenshot
    IPBilling.InIPConcessionCancellation.Capture Page Screenshot
    IPBilling.InIPCreditLimit.Capture Page Screenshot
    IPBilling.InIPPostConcession.Capture Page Screenshot
    IPBilling.InOutstandingPayment.Capture Page Screenshot
    IPBilling.InPackageAssignIP.Capture Page Screenshot
    IPBilling.InPartBillInvestigation.Capture Page Screenshot
    IPBilling.InPartBillPharmacy.Capture Page Screenshot
    IPBilling.InPayMode.Capture Page Screenshot
    IPBilling.InReceiptGeneration.Capture Page Screenshot
    IPBilling.InServiceBilling.Capture Page Screenshot
    IPBilling.InServiceCancellation.Capture Page Screenshot
    Lab.InCancelRequest.Capture Page Screenshot
    Lab.InCancelRequestApproval.Capture Page Screenshot
    Lab.InCultureResPrint.Capture Page Screenshot
    Lab.InCultureResultApprove.Capture Page Screenshot
    Lab.InCultureResultEntry.Capture Page Screenshot
    Lab.InCultureResultUpdate.Capture Page Screenshot
    Lab.InCultureTechnicianApprove.Capture Page Screenshot
    Lab.InDigitalSignApproval.Capture Page Screenshot
    Lab.InGlucometerResultEntry.Capture Page Screenshot
    Lab.InLabDispatch.Capture Page Screenshot
    Lab.InPathologyResPrint.Capture Page Screenshot
    Lab.InPathologyResultApprove.Capture Page Screenshot
    Lab.InPathologyResultEntry.Capture Page Screenshot
    Lab.InPathologyResultUpdate.Capture Page Screenshot
    Lab.InPeripheralExternalLabUpdate.Capture Page Screenshot
    Lab.InPeripheralReceivefromLab.Capture Page Screenshot
    Lab.InPeripheralSendtoLab.Capture Page Screenshot
    Lab.InRequestPrint.Capture Page Screenshot
    Lab.InSendSpecimenToDepartment.Capture Page Screenshot
    Lab.InSpecimenCollectionLab.Capture Page Screenshot
    Lab.InSpecimenCollectionWard.Capture Page Screenshot
    Lab.InSpecimenReceiveDepartmentWise.Capture Page Screenshot
    Lab.InSpecimenRevert.Capture Page Screenshot
    Lab.InStandardResPrint.Capture Page Screenshot
    Lab.InStandardResultApprove.Capture Page Screenshot
    Lab.InStandardResultEntry.Capture Page Screenshot
    Lab.InStandardResultUpdate.Capture Page Screenshot
    Lab.InTestCancelDirect.Capture Page Screenshot
    OPBilling.InAdvancePayment.Capture Page Screenshot
    OPBilling.InAdvancePaymentRefundAppr.Capture Page Screenshot
    OPBilling.InAdvancePaymentRefundIssue.Capture Page Screenshot
    OPBilling.InAdvancePaymentRefundReq.Capture Page Screenshot
    OPBilling.InOPBillPrintCopy.Capture Page Screenshot
    OPBilling.InOPBilling.Capture Page Screenshot
    OPBilling.InOPPostConcession.Capture Page Screenshot
    OPBilling.InOPRefundApprove.Capture Page Screenshot
    OPBilling.InOPRefundIssue.Capture Page Screenshot
    OPBilling.InOPRefundRequest.Capture Page Screenshot
    OPBilling.InOPServiceBilling.Capture Page Screenshot
    OPBilling.InOutstandingPayment.Capture Page Screenshot
    OPBilling.InPayMode.Capture Page Screenshot
    OPBilling.InUserSettlementPhysicalCash.Capture Page Screenshot
    OPBilling.InUserSettlementReceive.Capture Page Screenshot
    OPBilling.InUserSettlementView.Capture Page Screenshot
    Pharmacy.InIPCashCreditReturnReceive.Capture Page Screenshot
    Pharmacy.InIPDrugIssueCashCreditMode.Capture Page Screenshot
    Pharmacy.InPharmacycommon.Capture Page Screenshot
    Physio.Inphysiocancelrequest.Capture Page Screenshot
    Physio.Inphysiocancelrequestapprove.Capture Page Screenshot
    Physio.InphysiocompletionEntry_IP.Capture Page Screenshot
    Physio.InphysiocompletionEntry_OP.Capture Page Screenshot
    Rad.InApprovalRevert.Capture Page Screenshot
    Rad.InCancelRequest.Capture Page Screenshot
    Rad.InCancelRequestApproval.Capture Page Screenshot
    Rad.InCancelRequestprint.Capture Page Screenshot
    Rad.InDigitalSignPrint.Capture Page Screenshot
    Rad.InRequestApproval.Capture Page Screenshot
    Rad.InResultApprove.Capture Page Screenshot
    Rad.InResultDispatch.Capture Page Screenshot
    Rad.InResultEntry.Capture Page Screenshot
    Rad.InResultUpdate.Capture Page Screenshot
    Ward.InAccidentRegister.Capture Page Screenshot
    Ward.InBedClean.Capture Page Screenshot
    Ward.InBedTransferAcknowledge.Capture Page Screenshot
    Ward.InBirthRegister.Capture Page Screenshot
    Ward.InBirthRegisterSentToCorporation.Capture Page Screenshot
    Ward.InCancelIntimation.Capture Page Screenshot
    Ward.InDeactivateDischargeSummary.Capture Page Screenshot
    Ward.InDeathRegistration.Capture Page Screenshot
    Ward.InDeathRegistrationSentToCorp.Capture Page Screenshot
    Ward.InDirectBedTransfer.Capture Page Screenshot
    Ward.InDirectOrder.Capture Page Screenshot
    Ward.InDischargeIntimationDirect.Capture Page Screenshot
    Ward.InDischargeSummaryEntry.Capture Page Screenshot
    Ward.InDischargeSummaryView.Capture Page Screenshot
    Ward.InDoctorVisitEntry.Capture Page Screenshot
    Ward.InEquipmentBilling.Capture Page Screenshot
    Ward.InExtraBedDirect.Capture Page Screenshot
    Ward.InFumigationApproval.Capture Page Screenshot
    Ward.InFumigationEntry.Capture Page Screenshot
    Ward.InFumigationRequest.Capture Page Screenshot
    Ward.InFumigationScheduleSearch.Capture Page Screenshot
    Ward.InIPCashCreditReturnRequest.Capture Page Screenshot
    Ward.InIncidentEntry.Capture Page Screenshot
    Ward.InNursingAssessmentVitalsEntry.Capture Page Screenshot
    Ward.InTemplateEntry.Capture Page Screenshot
    Ward.InWardDischarge.Capture Page Screenshot
    Ward.InWardHomeBedTransfer.Capture Page Screenshot
    Ward.InWardHome_AssignToBed.Capture Page Screenshot
    Ward.InWardHome_DischargeIntimation.Capture Page Screenshot
    Ward.InWardHome_WardOrders.Capture Page Screenshot
    Ward.InWardquicklinks.Capture Page Screenshot
    admin.FromConfigFile.Capture Page Screenshot
    common_reader.Capturing.Capture Page Screenshot</msg>
<status status="FAIL" endtime="20231228 11:07:04.457" starttime="20231228 11:07:04.456"/>
</kw>
<msg timestamp="20231228 11:07:04.457" level="WARN">Keyword 'Capture Page Screenshot' could not be run on failure: Multiple keywords with name 'Capture Page Screenshot' found. Give the full name of the keyword you want to use:
    Card.InApprovalrevert.Capture Page Screenshot
    Card.InCancelRequest.Capture Page Screenshot
    Card.InCancelRequestApproval.Capture Page Screenshot
    Card.InCancelRequestprint.Capture Page Screenshot
    Card.InRequestApproval.Capture Page Screenshot
    Card.InRequestCancelDirect.Capture Page Screenshot
    Card.InRequestPrintCopy.Capture Page Screenshot
    Card.InResultApprove.Capture Page Screenshot
    Card.InResultDispatch.Capture Page Screenshot
    Card.InResultEntry.Capture Page Screenshot
    Card.InResultUpdate.Capture Page Screenshot
    FrontOffice.CampRegistrationModify.Capture Page Screenshot
    FrontOffice.DoctorAppointment.Capture Page Screenshot
    FrontOffice.DoctorAppointmentBlockAndUnblock.Capture Page Screenshot
    FrontOffice.DoctorAppointmentCancellation.Capture Page Screenshot
    FrontOffice.InBillableBedTypeUpdate.Capture Page Screenshot
    FrontOffice.InCampRegistration.Capture Page Screenshot
    FrontOffice.InDoctorOpinionEntry.Capture Page Screenshot
    [ Message content over the limit has been removed. ]
    Ward.InDischargeSummaryView.Capture Page Screenshot
    Ward.InDoctorVisitEntry.Capture Page Screenshot
    Ward.InEquipmentBilling.Capture Page Screenshot
    Ward.InExtraBedDirect.Capture Page Screenshot
    Ward.InFumigationApproval.Capture Page Screenshot
    Ward.InFumigationEntry.Capture Page Screenshot
    Ward.InFumigationRequest.Capture Page Screenshot
    Ward.InFumigationScheduleSearch.Capture Page Screenshot
    Ward.InIPCashCreditReturnRequest.Capture Page Screenshot
    Ward.InIncidentEntry.Capture Page Screenshot
    Ward.InNursingAssessmentVitalsEntry.Capture Page Screenshot
    Ward.InTemplateEntry.Capture Page Screenshot
    Ward.InWardDischarge.Capture Page Screenshot
    Ward.InWardHomeBedTransfer.Capture Page Screenshot
    Ward.InWardHome_AssignToBed.Capture Page Screenshot
    Ward.InWardHome_DischargeIntimation.Capture Page Screenshot
    Ward.InWardHome_WardOrders.Capture Page Screenshot
    Ward.InWardquicklinks.Capture Page Screenshot
    admin.FromConfigFile.Capture Page Screenshot
    common_reader.Capturing.Capture Page Screenshot</msg>
<msg timestamp="20231228 11:07:04.458" level="INFO">top menu is TRANSACTIONS
1
2
3
4
sub menu is SPECIMEN SEND AND RECEIVE
5
main menu is SEND SPECIMEN - TO DEPARTMENT</msg>
<msg timestamp="20231228 11:07:04.461" level="FAIL">mm was not visible</msg>
<status status="FAIL" endtime="20231228 11:07:04.461" starttime="20231228 11:06:36.656"/>
</kw>
<kw name="Screenshotonfailure" library="Lab.InSendSpecimenToDepartment">
<status status="NOT RUN" endtime="20231228 11:07:04.463" starttime="20231228 11:07:04.463"/>
</kw>
<kw name="Selecting The Frame" library="Lab.InSendSpecimenToDepartment">
<status status="NOT RUN" endtime="20231228 11:07:04.464" starttime="20231228 11:07:04.464"/>
</kw>
<kw name="Validate Patient Test" library="Lab.InSendSpecimenToDepartment">
<status status="NOT RUN" endtime="20231228 11:07:04.466" starttime="20231228 11:07:04.466"/>
</kw>
<kw name="Selecting Allcheckboxes" library="Lab.InSendSpecimenToDepartment">
<status status="NOT RUN" endtime="20231228 11:07:04.467" starttime="20231228 11:07:04.467"/>
</kw>
<kw name="Selecting Senttodepartment Button" library="Lab.InSendSpecimenToDepartment">
<status status="NOT RUN" endtime="20231228 11:07:04.468" starttime="20231228 11:07:04.468"/>
</kw>
<kw name="Getmessage After Specimensent" library="Lab.InSendSpecimenToDepartment">
<status status="NOT RUN" endtime="20231228 11:07:04.469" starttime="20231228 11:07:04.469"/>
</kw>
<kw name="Unselecting The Frame" library="Lab.InSendSpecimenToDepartment">
<status status="NOT RUN" endtime="20231228 11:07:04.470" starttime="20231228 11:07:04.470"/>
</kw>
<status status="FAIL" endtime="20231228 11:07:04.470" starttime="20231228 11:06:36.655"/>
</branch>
<branch type="ELSE">
<kw name="Log" library="BuiltIn">
<arg>"Specimen Send To Department was disabled in control panel so skipped this flow"</arg>
<doc>Logs the given message with the given level.</doc>
<status status="NOT RUN" endtime="20231228 11:07:04.471" starttime="20231228 11:07:04.471"/>
</kw>
<status status="NOT RUN" endtime="20231228 11:07:04.471" starttime="20231228 11:07:04.470"/>
</branch>
<status status="FAIL" endtime="20231228 11:07:04.471" starttime="20231228 11:06:36.655"/>
</if>
<kw name="Evaluate" library="BuiltIn">
<var>${cs}</var>
<arg>common_reader.Capturing.cs</arg>
<doc>Evaluates the given expression in Python and returns the result.</doc>
<status status="NOT RUN" endtime="20231228 11:07:04.473" starttime="20231228 11:07:04.473"/>
</kw>
<kw name="Get From Dictionary" library="Collections">
<var>${control_status}</var>
<arg>${cs}</arg>
<arg>cs20</arg>
<doc>Returns a value from the given ``dictionary`` based on the given ``key``.</doc>
<status status="NOT RUN" endtime="20231228 11:07:04.474" starttime="20231228 11:07:04.473"/>
</kw>
<if>
<branch type="IF" condition="'${control_status}' == '1'">
<kw name="Loading Menu Of Link Test" library="admin.FromConfigFile">
<arg>//Lab/DeptReceiveEntry.aspx</arg>
<arg>lab</arg>
<status status="NOT RUN" endtime="20231228 11:07:04.475" starttime="20231228 11:07:04.475"/>
</kw>
<kw name="Screenshotonfailure" library="Lab.InSpecimenReceiveDepartmentWise">
<status status="NOT RUN" endtime="20231228 11:07:04.476" starttime="20231228 11:07:04.476"/>
</kw>
<kw name="Selecting The Frame" library="Lab.InSpecimenReceiveDepartmentWise">
<status status="NOT RUN" endtime="20231228 11:07:04.478" starttime="20231228 11:07:04.478"/>
</kw>
<kw name="Validate Patient Test" library="Lab.InSpecimenReceiveDepartmentWise">
<status status="NOT RUN" endtime="20231228 11:07:04.479" starttime="20231228 11:07:04.479"/>
</kw>
<kw name="Selecting Allcheckboxes" library="Lab.InSpecimenReceiveDepartmentWise">
<status status="NOT RUN" endtime="20231228 11:07:04.480" starttime="20231228 11:07:04.480"/>
</kw>
<kw name="Selecting Departmentreceive Button" library="Lab.InSpecimenReceiveDepartmentWise">
<status status="NOT RUN" endtime="20231228 11:07:04.481" starttime="20231228 11:07:04.481"/>
</kw>
<kw name="Getmessage After Deptreceive" library="Lab.InSpecimenReceiveDepartmentWise">
<status status="NOT RUN" endtime="20231228 11:07:04.482" starttime="20231228 11:07:04.482"/>
</kw>
<kw name="Unselecting The Frame" library="Lab.InSpecimenReceiveDepartmentWise">
<status status="NOT RUN" endtime="20231228 11:07:04.483" starttime="20231228 11:07:04.483"/>
</kw>
<status status="NOT RUN" endtime="20231228 11:07:04.483" starttime="20231228 11:07:04.474"/>
</branch>
<branch type="ELSE">
<kw name="Log" library="BuiltIn">
<arg>"Dept Wise Specimen Collection was disabled in control panel so skipped this flow"</arg>
<doc>Logs the given message with the given level.</doc>
<status status="NOT RUN" endtime="20231228 11:07:04.484" starttime="20231228 11:07:04.484"/>
</kw>
<status status="NOT RUN" endtime="20231228 11:07:04.484" starttime="20231228 11:07:04.483"/>
</branch>
<status status="NOT RUN" endtime="20231228 11:07:04.484" starttime="20231228 11:07:04.474"/>
</if>
<kw name="Loading Menu Of Link Test" library="admin.FromConfigFile">
<arg>//lab/ResultEntryPatsearch.aspx</arg>
<arg>lab</arg>
<status status="NOT RUN" endtime="20231228 11:07:04.485" starttime="20231228 11:07:04.485"/>
</kw>
<kw name="Screenshotonfailure" library="Lab.InStandardResultEntry">
<status status="NOT RUN" endtime="20231228 11:07:04.486" starttime="20231228 11:07:04.486"/>
</kw>
<kw name="Selecting The Frame" library="Lab.InStandardResultEntry">
<status status="NOT RUN" endtime="20231228 11:07:04.488" starttime="20231228 11:07:04.488"/>
</kw>
<kw name="Entering Into Resultentry Screen" library="Lab.InStandardResultEntry">
<status status="NOT RUN" endtime="20231228 11:07:04.489" starttime="20231228 11:07:04.489"/>
</kw>
<kw name="Validate Patient" library="Lab.InStandardResultEntry">
<status status="NOT RUN" endtime="20231228 11:07:04.490" starttime="20231228 11:07:04.490"/>
</kw>
<kw name="Selecting Allcheckboxes" library="Lab.InStandardResultEntry">
<status status="NOT RUN" endtime="20231228 11:07:04.492" starttime="20231228 11:07:04.492"/>
</kw>
<kw name="Selecting Resultentry Button" library="Lab.InStandardResultEntry">
<status status="NOT RUN" endtime="20231228 11:07:04.493" starttime="20231228 11:07:04.493"/>
</kw>
<kw name="Entering Result" library="Lab.InStandardResultEntry">
<arg>${testdata}</arg>
<status status="NOT RUN" endtime="20231228 11:07:04.494" starttime="20231228 11:07:04.494"/>
</kw>
<kw name="Entering Comments" library="Lab.InStandardResultEntry">
<arg>${testdata}</arg>
<status status="NOT RUN" endtime="20231228 11:07:04.496" starttime="20231228 11:07:04.496"/>
</kw>
<kw name="Entering Internalremarks" library="Lab.InStandardResultEntry">
<arg>${testdata}</arg>
<status status="NOT RUN" endtime="20231228 11:07:04.497" starttime="20231228 11:07:04.497"/>
</kw>
<kw name="Entering Remarks" library="Lab.InStandardResultEntry">
<arg>${testdata}</arg>
<status status="NOT RUN" endtime="20231228 11:07:04.498" starttime="20231228 11:07:04.498"/>
</kw>
<kw name="Selecting Savebtn" library="Lab.InStandardResultEntry">
<status status="NOT RUN" endtime="20231228 11:07:04.499" starttime="20231228 11:07:04.499"/>
</kw>
<kw name="Getmessage After Resultsentered" library="Lab.InStandardResultEntry">
<status status="NOT RUN" endtime="20231228 11:07:04.501" starttime="20231228 11:07:04.501"/>
</kw>
<kw name="Unselecting The Frame" library="Lab.InStandardResultEntry">
<status status="NOT RUN" endtime="20231228 11:07:04.502" starttime="20231228 11:07:04.502"/>
</kw>
<kw name="Evaluate" library="BuiltIn">
<var>${dict}</var>
<arg>admin.FromConfigFile.dict</arg>
<doc>Evaluates the given expression in Python and returns the result.</doc>
<status status="NOT RUN" endtime="20231228 11:07:04.503" starttime="20231228 11:07:04.503"/>
</kw>
<kw name="Log" library="BuiltIn">
<arg>${dict}</arg>
<doc>Logs the given message with the given level.</doc>
<status status="NOT RUN" endtime="20231228 11:07:04.504" starttime="20231228 11:07:04.504"/>
</kw>
<kw name="Get From Dictionary" library="Collections">
<var>${LAB_STANDARD_SERVICE}</var>
<arg>${dict}</arg>
<arg>LAB_STANDARD_SERVICE</arg>
<doc>Returns a value from the given ``dictionary`` based on the given ``key``.</doc>
<status status="NOT RUN" endtime="20231228 11:07:04.505" starttime="20231228 11:07:04.504"/>
</kw>
<kw name="Reading Labmastersettings" library="admin.FromConfigFile">
<arg>${LAB_STANDARD_SERVICE}</arg>
<status status="NOT RUN" endtime="20231228 11:07:04.506" starttime="20231228 11:07:04.506"/>
</kw>
<kw name="Evaluate" library="BuiltIn">
<var>${dict}</var>
<arg>admin.FromConfigFile.dict</arg>
<doc>Evaluates the given expression in Python and returns the result.</doc>
<status status="NOT RUN" endtime="20231228 11:07:04.507" starttime="20231228 11:07:04.507"/>
</kw>
<kw name="Log" library="BuiltIn">
<arg>${dict}</arg>
<doc>Logs the given message with the given level.</doc>
<status status="NOT RUN" endtime="20231228 11:07:04.508" starttime="20231228 11:07:04.507"/>
</kw>
<kw name="Get From Dictionary" library="Collections">
<var>${labprocedureapprstatus}</var>
<arg>${dict}</arg>
<arg>labprocedureapprstatus</arg>
<doc>Returns a value from the given ``dictionary`` based on the given ``key``.</doc>
<status status="NOT RUN" endtime="20231228 11:07:04.509" starttime="20231228 11:07:04.509"/>
</kw>
<if>
<branch type="IF" condition="'${labprocedureapprstatus}' == '1'">
<kw name="Loading Menu Of Link Test" library="admin.FromConfigFile">
<arg>//Lab/ResultApproveSearch.aspx</arg>
<arg>lab</arg>
<status status="NOT RUN" endtime="20231228 11:07:04.511" starttime="20231228 11:07:04.511"/>
</kw>
<kw name="Screenshotonfailure" library="Lab.InStandardResultApprove">
<status status="NOT RUN" endtime="20231228 11:07:04.512" starttime="20231228 11:07:04.512"/>
</kw>
<kw name="Selecting The Frame" library="Lab.InStandardResultApprove">
<status status="NOT RUN" endtime="20231228 11:07:04.513" starttime="20231228 11:07:04.513"/>
</kw>
<kw name="Entering Into Resultapprove Screen" library="Lab.InStandardResultApprove">
<status status="NOT RUN" endtime="20231228 11:07:04.514" starttime="20231228 11:07:04.514"/>
</kw>
<kw name="Validate Patient" library="Lab.InStandardResultApprove">
<status status="NOT RUN" endtime="20231228 11:07:04.515" starttime="20231228 11:07:04.515"/>
</kw>
<kw name="Selecting Allcheckboxes" library="Lab.InStandardResultApprove">
<status status="NOT RUN" endtime="20231228 11:07:04.516" starttime="20231228 11:07:04.516"/>
</kw>
<kw name="Selecting Resultapprove Button" library="Lab.InStandardResultApprove">
<status status="NOT RUN" endtime="20231228 11:07:04.517" starttime="20231228 11:07:04.517"/>
</kw>
<kw name="Selecting Approve Button" library="Lab.InStandardResultApprove">
<status status="NOT RUN" endtime="20231228 11:07:04.518" starttime="20231228 11:07:04.518"/>
</kw>
<kw name="Getmessage After Resultapprove" library="Lab.InStandardResultApprove">
<status status="NOT RUN" endtime="20231228 11:07:04.520" starttime="20231228 11:07:04.520"/>
</kw>
<kw name="Unselecting The Frame" library="Lab.InStandardResultApprove">
<status status="NOT RUN" endtime="20231228 11:07:04.521" starttime="20231228 11:07:04.521"/>
</kw>
<status status="NOT RUN" endtime="20231228 11:07:04.521" starttime="20231228 11:07:04.509"/>
</branch>
<branch type="ELSE">
<kw name="Log" library="BuiltIn">
<arg>"Standard Result approval for this lab procedure was not set in lab master settings so skipped this flow"</arg>
<doc>Logs the given message with the given level.</doc>
<status status="NOT RUN" endtime="20231228 11:07:04.522" starttime="20231228 11:07:04.522"/>
</kw>
<status status="NOT RUN" endtime="20231228 11:07:04.522" starttime="20231228 11:07:04.521"/>
</branch>
<status status="NOT RUN" endtime="20231228 11:07:04.522" starttime="20231228 11:07:04.509"/>
</if>
<kw name="Loading Menu Of Link Test" library="admin.FromConfigFile">
<arg>///lab/ResultUpdateDigitalApproveSearch.aspx</arg>
<arg>lab</arg>
<status status="NOT RUN" endtime="20231228 11:07:04.523" starttime="20231228 11:07:04.523"/>
</kw>
<kw name="Screenshotonfailure" library="Lab.InDigitalSignApproval">
<status status="NOT RUN" endtime="20231228 11:07:04.524" starttime="20231228 11:07:04.524"/>
</kw>
<kw name="Selecting The Frame" library="Lab.InDigitalSignApproval">
<status status="NOT RUN" endtime="20231228 11:07:04.527" starttime="20231228 11:07:04.527"/>
</kw>
<kw name="Entering Into Digitalsignapprove Screen" library="Lab.InDigitalSignApproval">
<status status="NOT RUN" endtime="20231228 11:07:04.528" starttime="20231228 11:07:04.528"/>
</kw>
<kw name="Validate Patient" library="Lab.InDigitalSignApproval">
<status status="NOT RUN" endtime="20231228 11:07:04.529" starttime="20231228 11:07:04.529"/>
</kw>
<kw name="Selecting Allcheckboxes" library="Lab.InDigitalSignApproval">
<status status="NOT RUN" endtime="20231228 11:07:04.531" starttime="20231228 11:07:04.530"/>
</kw>
<kw name="Selecting Resultapprove Button" library="Lab.InDigitalSignApproval">
<status status="NOT RUN" endtime="20231228 11:07:04.532" starttime="20231228 11:07:04.532"/>
</kw>
<kw name="Selecting Approve Button" library="Lab.InDigitalSignApproval">
<status status="NOT RUN" endtime="20231228 11:07:04.533" starttime="20231228 11:07:04.533"/>
</kw>
<kw name="Getmessage After Digitalsignapprove" library="Lab.InDigitalSignApproval">
<status status="NOT RUN" endtime="20231228 11:07:04.534" starttime="20231228 11:07:04.534"/>
</kw>
<kw name="Unselecting The Frame" library="Lab.InDigitalSignApproval">
<status status="NOT RUN" endtime="20231228 11:07:04.535" starttime="20231228 11:07:04.535"/>
</kw>
<kw name="Loading Menu Of Link Test" library="admin.FromConfigFile">
<arg>//Lab/LabResultDispatchSearch.aspx</arg>
<arg>lab</arg>
<status status="NOT RUN" endtime="20231228 11:07:04.536" starttime="20231228 11:07:04.536"/>
</kw>
<kw name="Screenshotonfailure" library="Lab.InLabDispatch">
<status status="NOT RUN" endtime="20231228 11:07:04.538" starttime="20231228 11:07:04.538"/>
</kw>
<kw name="Selecting The Frame" library="Lab.InLabDispatch">
<status status="NOT RUN" endtime="20231228 11:07:04.539" starttime="20231228 11:07:04.539"/>
</kw>
<kw name="Entering Into Labdispatch Screen" library="Lab.InLabDispatch">
<status status="NOT RUN" endtime="20231228 11:07:04.540" starttime="20231228 11:07:04.540"/>
</kw>
<kw name="Validate Patient" library="Lab.InLabDispatch">
<status status="NOT RUN" endtime="20231228 11:07:04.541" starttime="20231228 11:07:04.541"/>
</kw>
<kw name="Selecting Selectall Checkbox" library="Lab.InLabDispatch">
<status status="NOT RUN" endtime="20231228 11:07:04.543" starttime="20231228 11:07:04.543"/>
</kw>
<kw name="Selecting Resultdispatch Button" library="Lab.InLabDispatch">
<status status="NOT RUN" endtime="20231228 11:07:04.545" starttime="20231228 11:07:04.544"/>
</kw>
<kw name="Getmessage After Resultdispatch" library="Lab.InLabDispatch">
<status status="NOT RUN" endtime="20231228 11:07:04.546" starttime="20231228 11:07:04.546"/>
</kw>
<kw name="Unselecting The Frame" library="Lab.InLabDispatch">
<status status="NOT RUN" endtime="20231228 11:07:04.547" starttime="20231228 11:07:04.547"/>
</kw>
<kw name="Logoff" library="admin.FromConfigFile">
<status status="NOT RUN" endtime="20231228 11:07:04.548" starttime="20231228 11:07:04.548"/>
</kw>
<kw name="Close The Browsers" library="admin.FromConfigFile">
<status status="NOT RUN" endtime="20231228 11:07:04.549" starttime="20231228 11:07:04.549"/>
</kw>
<status status="FAIL" endtime="20231228 11:07:04.550" starttime="20231228 11:03:08.681"/>
</branch>
<branch type="ELSE">
<kw name="Log" library="BuiltIn">
<arg>"This Test case is not tagged for test execution"</arg>
<doc>Logs the given message with the given level.</doc>
<status status="NOT RUN" endtime="20231228 11:07:04.551" starttime="20231228 11:07:04.550"/>
</kw>
<status status="NOT RUN" endtime="20231228 11:07:04.551" starttime="20231228 11:07:04.550"/>
</branch>
<status status="FAIL" endtime="20231228 11:07:04.551" starttime="20231228 11:03:08.681"/>
</if>
<kw type="TEARDOWN" name="Test Teardown" library="admin.FromConfigFile">
<msg timestamp="20231228 11:07:06.950" level="INFO">Running LAB-OPFLOW Standard Service Test Case
FAIL
mm was not visible
{u'Running LAB-OPFLOW Standard Service Test Case': ['FAIL', u'mm was not visible']}
CURRENT TEST CASE COUNT:     1
End of test case</msg>
<status status="PASS" endtime="20231228 11:07:06.950" starttime="20231228 11:07:04.552"/>
</kw>
<tag>LABWF</tag>
<tag>LABWF1</tag>
<tag>SECONDHALF</tag>
<tag>UATFIRST</tag>
<status status="FAIL" endtime="20231228 11:07:06.950" starttime="20231228 11:03:08.674">mm was not visible</status>
</test>
<kw type="TEARDOWN" name="Saving Testresult" library="admin.FromConfigFile">
<status status="PASS" endtime="20231228 11:07:07.162" starttime="20231228 11:07:06.952"/>
</kw>
<status status="FAIL" endtime="20231228 11:07:07.162" starttime="20231228 11:02:20.527"/>
</suite>
<statistics>
<total>
<stat fail="1" skip="0" pass="0">All Tests</stat>
</total>
<tag>
<stat fail="1" skip="0" pass="0">LABWF</stat>
<stat fail="1" skip="0" pass="0">LABWF1</stat>
<stat fail="1" skip="0" pass="0">SECONDHALF</stat>
<stat fail="1" skip="0" pass="0">UATFIRST</stat>
</tag>
<suite>
<stat fail="1" skip="0" id="s1" name="UATFIRST" pass="0">UATFIRST</stat>
</suite>
</statistics>
<errors>
<msg timestamp="20231228 11:07:04.457" level="WARN">Keyword 'Capture Page Screenshot' could not be run on failure: Multiple keywords with name 'Capture Page Screenshot' found. Give the full name of the keyword you want to use:
    Card.InApprovalrevert.Capture Page Screenshot
    Card.InCancelRequest.Capture Page Screenshot
    Card.InCancelRequestApproval.Capture Page Screenshot
    Card.InCancelRequestprint.Capture Page Screenshot
    Card.InRequestApproval.Capture Page Screenshot
    Card.InRequestCancelDirect.Capture Page Screenshot
    Card.InRequestPrintCopy.Capture Page Screenshot
    Card.InResultApprove.Capture Page Screenshot
    Card.InResultDispatch.Capture Page Screenshot
    Card.InResultEntry.Capture Page Screenshot
    Card.InResultUpdate.Capture Page Screenshot
    FrontOffice.CampRegistrationModify.Capture Page Screenshot
    FrontOffice.DoctorAppointment.Capture Page Screenshot
    FrontOffice.DoctorAppointmentBlockAndUnblock.Capture Page Screenshot
    FrontOffice.DoctorAppointmentCancellation.Capture Page Screenshot
    FrontOffice.InBillableBedTypeUpdate.Capture Page Screenshot
    FrontOffice.InCampRegistration.Capture Page Screenshot
    FrontOffice.InDoctorOpinionEntry.Capture Page Screenshot
    [ Message content over the limit has been removed. ]
    Ward.InDischargeSummaryView.Capture Page Screenshot
    Ward.InDoctorVisitEntry.Capture Page Screenshot
    Ward.InEquipmentBilling.Capture Page Screenshot
    Ward.InExtraBedDirect.Capture Page Screenshot
    Ward.InFumigationApproval.Capture Page Screenshot
    Ward.InFumigationEntry.Capture Page Screenshot
    Ward.InFumigationRequest.Capture Page Screenshot
    Ward.InFumigationScheduleSearch.Capture Page Screenshot
    Ward.InIPCashCreditReturnRequest.Capture Page Screenshot
    Ward.InIncidentEntry.Capture Page Screenshot
    Ward.InNursingAssessmentVitalsEntry.Capture Page Screenshot
    Ward.InTemplateEntry.Capture Page Screenshot
    Ward.InWardDischarge.Capture Page Screenshot
    Ward.InWardHomeBedTransfer.Capture Page Screenshot
    Ward.InWardHome_AssignToBed.Capture Page Screenshot
    Ward.InWardHome_DischargeIntimation.Capture Page Screenshot
    Ward.InWardHome_WardOrders.Capture Page Screenshot
    Ward.InWardquicklinks.Capture Page Screenshot
    admin.FromConfigFile.Capture Page Screenshot
    common_reader.Capturing.Capture Page Screenshot</msg>
</errors>
</robot>
