<?xml version="1.0" encoding="UTF-8"?>
<robot rpa="false" generated="20221124 12:23:52.305" schemaversion="2" generator="Robot 4.1.3 (Python 2.7.18 on win32)">
<suite source="E:\workspace\Backbone_WF\driver\robot_driver\WF_Registration.robot" id="s1" name="WF Registration">
<test id="s1-t1" name="Running multiple op new Test Case">
<kw name="Multiple Opnew Registration" library="Registration.Opnewregistration">
<msg timestamp="20221124 12:24:19.130" level="INFO">Capture Page Screenshot will be run on failure.</msg>
<msg timestamp="20221124 12:24:19.178" level="INFO">Opening browser 'Opera' to base url 'http://192.168.0.232/bb15se/Backbone/admin/login.aspx'</msg>
<msg timestamp="20221124 12:24:22.926" level="INFO">Capture Page Screenshot will be run on failure.</msg>
<msg timestamp="20221124 12:24:22.982" level="INFO">Clicking element 'xpath=//a[@href="#divNewSession"]'.</msg>
<msg timestamp="20221124 12:24:23.544" level="INFO">Typing text 'newregdp' into text field 'xpath=//*[@id="newuname"]'</msg>
<msg timestamp="20221124 12:24:23.615" level="INFO">Typing text 'aosta' into text field 'xpath=//*[@id="txtrepassword"]'</msg>
<msg timestamp="20221124 12:24:23.701" level="INFO">Clicking button 'xpath=//*[@id="btnrelogin"]'.</msg>
<msg timestamp="20221124 12:24:23.759" level="INFO">Capture Page Screenshot will be run on failure.</msg>
<msg timestamp="20221124 12:24:24.882" level="INFO">Selecting frame 'xpath=//*[@id="frmMainPage"]'.</msg>
<msg timestamp="20221124 12:24:28.968" level="INFO">Capture Page Screenshot will be run on failure.</msg>
<msg timestamp="20221124 12:24:32.801" level="INFO">Capture Page Screenshot will be run on failure.</msg>
<msg timestamp="20221124 12:24:32.842" level="INFO">Selecting label(s) 'CARDIOLOGY' from list 'xpath=//*[@id="cboDepartment"]'.</msg>
<msg timestamp="20221124 12:24:33.058" level="INFO">Capture Page Screenshot will be run on failure.</msg>
<msg timestamp="20221124 12:24:33.058" level="INFO">Selecting label(s) 'ELANGO' from list 'xpath=//*[@id="cboDoctorUnit"]'.</msg>
<msg timestamp="20221124 12:24:33.213" level="INFO">Capture Page Screenshot will be run on failure.</msg>
<msg timestamp="20221124 12:24:33.213" level="INFO">Selecting label(s) 'Mr' from list 'xpath=//*[@id="cboSal"]'.</msg>
<msg timestamp="20221124 12:24:33.291" level="INFO">Capture Page Screenshot will be run on failure.</msg>
<msg timestamp="20221124 12:24:33.291" level="INFO">Typing text 'Geetha mrt' into text field 'xpath=//*[@id="txtLastName"]'</msg>
<msg timestamp="20221124 12:24:33.538" level="INFO">Capture Page Screenshot will be run on failure.</msg>
<msg timestamp="20221124 12:24:33.538" level="INFO">Selecting label(s) 'Male' from list 'xpath=//*[@id="cboGender"]'.</msg>
<msg timestamp="20221124 12:24:33.662" level="INFO">Capture Page Screenshot will be run on failure.</msg>
<msg timestamp="20221124 12:24:33.662" level="INFO">Typing text '56' into text field 'xpath=//*[@id="txtAge"]'</msg>
<msg timestamp="20221124 12:24:33.846" level="INFO">Capture Page Screenshot will be run on failure.</msg>
<msg timestamp="20221124 12:24:33.846" level="INFO">Selecting label(s) 'Single' from list 'xpath=//*[@id="cboMartialStatus"]'.</msg>
<msg timestamp="20221124 12:24:33.972" level="INFO">Capture Page Screenshot will be run on failure.</msg>
<msg timestamp="20221124 12:24:33.972" level="INFO">Typing text '668, Jm Nagar' into text field 'xpath=//*[@id="txtPresentAddress"]'</msg>
<msg timestamp="20221124 12:24:34.173" level="INFO">Capture Page Screenshot will be run on failure.</msg>
<msg timestamp="20221124 12:24:34.200" level="INFO">Clicking element 'xpath=//*[@id="s2id_cboPresentCity"]'.</msg>
<msg timestamp="20221124 12:24:34.372" level="INFO">Typing text 'COIMBATORE' into text field 'xpath=//*[@id="s2id_autogen33_search"]'</msg>
<msg timestamp="20221124 12:24:34.540" level="INFO">Capture Page Screenshot will be run on failure.</msg>
<msg timestamp="20221124 12:24:34.659" level="INFO">Typing text '9944900011' into text field 'xpath=//*[@id="txtMobile"]'</msg>
<msg timestamp="20221124 12:24:34.793" level="INFO">Capture Page Screenshot will be run on failure.</msg>
<msg timestamp="20221124 12:24:34.842" level="INFO">Clicking element 'xpath=//*[@id="txtEmail"]'.</msg>
<msg timestamp="20221124 12:24:34.960" level="INFO">Capture Page Screenshot will be run on failure.</msg>
<msg timestamp="20221124 12:24:35.018" level="INFO">Clicking button 'xpath=//*[@id="btnSave"]'.</msg>
<msg timestamp="20221124 12:24:47.897" level="INFO">Typing text '1' into text field 'xpath=//*[@id="txtMobile"]'</msg>
<msg timestamp="20221124 12:24:48.115" level="INFO">Clicking button 'xpath=//button[@class="toast-close-button"]'.</msg>
<msg timestamp="20221124 12:25:08.228" level="INFO">Capture Page Screenshot will be run on failure.</msg>
<msg timestamp="20221124 12:25:12.082" level="INFO">Capture Page Screenshot will be run on failure.</msg>
<msg timestamp="20221124 12:25:12.123" level="INFO">Selecting label(s) 'CARDIOLOGY' from list 'xpath=//*[@id="cboDepartment"]'.</msg>
<msg timestamp="20221124 12:25:12.375" level="INFO">Capture Page Screenshot will be run on failure.</msg>
<msg timestamp="20221124 12:25:12.375" level="INFO">Selecting label(s) 'ELANGO' from list 'xpath=//*[@id="cboDoctorUnit"]'.</msg>
<msg timestamp="20221124 12:25:12.548" level="INFO">Capture Page Screenshot will be run on failure.</msg>
<msg timestamp="20221124 12:25:12.548" level="INFO">Selecting label(s) 'Mr' from list 'xpath=//*[@id="cboSal"]'.</msg>
<msg timestamp="20221124 12:25:12.707" level="INFO">Capture Page Screenshot will be run on failure.</msg>
<msg timestamp="20221124 12:25:12.707" level="INFO">Typing text 'Jeyan mrt' into text field 'xpath=//*[@id="txtLastName"]'</msg>
<msg timestamp="20221124 12:25:12.915" level="INFO">Capture Page Screenshot will be run on failure.</msg>
<msg timestamp="20221124 12:25:12.915" level="INFO">Selecting label(s) 'Male' from list 'xpath=//*[@id="cboGender"]'.</msg>
<msg timestamp="20221124 12:25:13.046" level="INFO">Capture Page Screenshot will be run on failure.</msg>
<msg timestamp="20221124 12:25:13.046" level="INFO">Typing text '55' into text field 'xpath=//*[@id="txtAge"]'</msg>
<msg timestamp="20221124 12:25:13.234" level="INFO">Capture Page Screenshot will be run on failure.</msg>
<msg timestamp="20221124 12:25:13.234" level="INFO">Selecting label(s) 'Single' from list 'xpath=//*[@id="cboMartialStatus"]'.</msg>
<msg timestamp="20221124 12:25:13.373" level="INFO">Capture Page Screenshot will be run on failure.</msg>
<msg timestamp="20221124 12:25:13.373" level="INFO">Typing text '669, Jm Nagar' into text field 'xpath=//*[@id="txtPresentAddress"]'</msg>
<msg timestamp="20221124 12:25:13.602" level="INFO">Capture Page Screenshot will be run on failure.</msg>
<msg timestamp="20221124 12:25:13.632" level="INFO">Clicking element 'xpath=//*[@id="s2id_cboPresentCity"]'.</msg>
<msg timestamp="20221124 12:25:13.785" level="INFO">Typing text 'COIMBATORE' into text field 'xpath=//*[@id="s2id_autogen33_search"]'</msg>
<msg timestamp="20221124 12:25:13.982" level="INFO">Capture Page Screenshot will be run on failure.</msg>
<msg timestamp="20221124 12:25:14.094" level="INFO">Typing text '9944900012' into text field 'xpath=//*[@id="txtMobile"]'</msg>
<msg timestamp="20221124 12:25:14.244" level="INFO">Capture Page Screenshot will be run on failure.</msg>
<msg timestamp="20221124 12:25:14.296" level="INFO">Clicking element 'xpath=//*[@id="txtEmail"]'.</msg>
<msg timestamp="20221124 12:25:14.416" level="INFO">Capture Page Screenshot will be run on failure.</msg>
<msg timestamp="20221124 12:25:14.471" level="INFO">Clicking button 'xpath=//*[@id="btnSave"]'.</msg>
<msg timestamp="20221124 12:25:19.854" level="INFO">Typing text '1' into text field 'xpath=//*[@id="txtMobile"]'</msg>
<msg timestamp="20221124 12:25:20.163" level="INFO">Clicking button 'xpath=//button[@class="toast-close-button"]'.</msg>
<msg timestamp="20221124 12:25:27.277" level="INFO">Capture Page Screenshot will be run on failure.</msg>
<msg timestamp="20221124 12:25:30.523" level="INFO">Capture Page Screenshot will be run on failure.</msg>
<msg timestamp="20221124 12:25:30.558" level="INFO">Clicking element 'xpath=//*[@class="fa fa-power-off"]'.</msg>
<msg timestamp="20221124 12:25:30.876" level="INFO">Capture Page Screenshot will be run on failure.</msg>
<msg timestamp="20221124 12:25:33.062" level="INFO">2022-11-24 12:24:17.139000
statusregcount 1
required_op_new_count 12
registration checking starts
regtobedone before save 2
Data posted - else part
registration checking starts
regtobedone after save 2
37.434
41.1
Data posted - else part
registration checking starts
regtobedone after save 2
17.198
41.7</msg>
<status status="PASS" endtime="20221124 12:25:33.062" starttime="20221124 12:24:17.139"/>
</kw>
<tag>TC1</tag>
<status status="PASS" endtime="20221124 12:25:33.063" starttime="20221124 12:24:17.138"/>
</test>
<status status="PASS" endtime="20221124 12:25:33.065" starttime="20221124 12:23:52.309"/>
</suite>
<statistics>
<total>
<stat fail="0" skip="0" pass="1">All Tests</stat>
</total>
<tag>
<stat fail="0" skip="0" pass="1">TC1</stat>
</tag>
<suite>
<stat fail="0" skip="0" id="s1" name="WF Registration" pass="1">WF Registration</stat>
</suite>
</statistics>
<errors>
</errors>
</robot>
