<?xml version="1.0" encoding="UTF-8"?>
<robot rpa="false" generated="20231228 10:18:09.069" schemaversion="2" generator="Robot 4.1.3 (Python 2.7.18 on win32)">
<suite source="D:\workspace\Automate_BB15_workflow\driver\robot_driver\BILLINGMODULE.robot" id="s1" name="BILLINGMODULE">
<test id="s1-t1" name="Running Multiple Combination of OP Advance Payment Test Case">
<kw name="Evaluate" library="BuiltIn">
<var>${runflag}</var>
<arg>common_reader.Capturing.runflag</arg>
<doc>Evaluates the given expression in Python and returns the result.</doc>
<msg timestamp="20231228 10:18:23.317" level="INFO">${runflag} = {None: None, u'S.No': u'Flags', u'TC2': 1L, u'TC1': 0L}</msg>
<status status="PASS" endtime="20231228 10:18:23.317" starttime="20231228 10:18:23.317"/>
</kw>
<kw name="Get From Dictionary" library="Collections">
<var>${runflag_status}</var>
<arg>${runflag}</arg>
<arg>TC2</arg>
<doc>Returns a value from the given ``dictionary`` based on the given ``key``.</doc>
<msg timestamp="20231228 10:18:23.318" level="INFO">${runflag_status} = 1</msg>
<status status="PASS" endtime="20231228 10:18:23.318" starttime="20231228 10:18:23.317"/>
</kw>
<kw name="Log" library="BuiltIn">
<arg>${runflag_status}</arg>
<doc>Logs the given message with the given level.</doc>
<msg timestamp="20231228 10:18:23.318" level="INFO">1</msg>
<status status="PASS" endtime="20231228 10:18:23.318" starttime="20231228 10:18:23.318"/>
</kw>
<if>
<branch type="IF" condition="'${runflag_status}' == '1'">
<kw name="Driving Browser And Url" library="admin.FromConfigFile">
<msg timestamp="20231228 10:18:27.997" level="INFO">url.value http://192.168.0.227/bb15se/Backbone/admin/login.aspx</msg>
<status status="PASS" endtime="20231228 10:18:27.997" starttime="20231228 10:18:23.318"/>
</kw>
<kw name="Logging" library="admin.FromConfigFile">
<arg>frontoffice</arg>
<msg timestamp="20231228 10:18:28.110" level="INFO">Clicking element 'xpath=//a[@href="#divNewSession"]'.</msg>
<msg timestamp="20231228 10:18:28.675" level="INFO">Typing text 'recpv15v1' into text field 'xpath=//*[@id="newuname"]'</msg>
<msg timestamp="20231228 10:18:28.771" level="INFO">Typing text 'aosta' into text field 'xpath=//*[@id="txtrepassword"]'</msg>
<msg timestamp="20231228 10:18:28.873" level="INFO">Clicking button 'xpath=//*[@id="btnrelogin"]'.</msg>
<status status="PASS" endtime="20231228 10:18:38.968" starttime="20231228 10:18:27.997"/>
</kw>
<kw name="Loading Menu Of Link Test" library="admin.FromConfigFile">
<arg>//FrontOfficeCS/tOPNewRegistration.aspx</arg>
<arg>frontoffice</arg>
<msg timestamp="20231228 10:18:44.161" level="INFO">Simulating Mouse Over on element 'xpath=//*[text()=" REGISTRATION"]/..'</msg>
<msg timestamp="20231228 10:18:45.475" level="INFO">Clicking element 'xpath=//*[text()="OP REGISTRATION"]'.</msg>
<msg timestamp="20231228 10:18:47.650" level="INFO">Clicking element 'xpath=//a[text()="OP NEW REGISTRATION "]'.</msg>
<msg timestamp="20231228 10:18:48.747" level="INFO">Clicking element 'xpath=//*[(text()="OP REGISTRATION")]'.</msg>
<msg timestamp="20231228 10:18:50.073" level="INFO">Simulating Mouse Over on element 'xpath=//*[@id="chkNewwindow"]'</msg>
<msg timestamp="20231228 10:18:55.422" level="INFO">top menu is  REGISTRATION
1
2
3
4
sub menu is OP REGISTRATION
5
main menu is OP NEW REGISTRATION</msg>
<status status="PASS" endtime="20231228 10:18:55.422" starttime="20231228 10:18:38.968"/>
</kw>
<kw name="Set Variable" library="BuiltIn">
<var>${opregdata}</var>
<arg>3</arg>
<doc>Returns the given values which can then be assigned to a variables.</doc>
<msg timestamp="20231228 10:18:55.424" level="INFO">${opregdata} = 3</msg>
<status status="PASS" endtime="20231228 10:18:55.425" starttime="20231228 10:18:55.422"/>
</kw>
<kw name="PERFORM_OP_NEW_REGISTRATION">
<arg>${opregdata}</arg>
<kw name="Screenshotonfailure" library="FrontOffice.InNewOpRegistration">
<msg timestamp="20231228 10:18:55.426" level="INFO">capturing_screenshot_on_failure will be run on failure.</msg>
<status status="PASS" endtime="20231228 10:18:55.426" starttime="20231228 10:18:55.426"/>
</kw>
<kw name="Selecting The Frame" library="FrontOffice.InNewOpRegistration">
<msg timestamp="20231228 10:18:58.432" level="INFO">Selecting frame 'xpath=//*[@id="frmMainPage"]'.</msg>
<status status="PASS" endtime="20231228 10:18:58.482" starttime="20231228 10:18:55.427"/>
</kw>
<kw name="Selecting Department With Data" library="FrontOffice.InNewOpRegistration">
<arg>${opregdata}</arg>
<msg timestamp="20231228 10:18:58.551" level="INFO">Selecting label(s) 'CARDIOLOGY' from list 'xpath=//*[@id="cboDepartment"]'.</msg>
<msg timestamp="20231228 10:18:58.886" level="INFO">dept selected</msg>
<status status="PASS" endtime="20231228 10:18:58.886" starttime="20231228 10:18:58.483"/>
</kw>
<kw name="Selecting Doctor With Data" library="FrontOffice.InNewOpRegistration">
<arg>${opregdata}</arg>
<msg timestamp="20231228 10:18:59.456" level="INFO">Selecting label(s) 'BIJU KUMARA' from list 'xpath=//*[@id="cboDoctorUnit"]'.</msg>
<msg timestamp="20231228 10:18:59.956" level="INFO">doctor selected</msg>
<status status="PASS" endtime="20231228 10:18:59.956" starttime="20231228 10:18:58.886"/>
</kw>
<kw name="Selecting Onlydoctor With Data" library="FrontOffice.InNewOpRegistration">
<arg>${opregdata}</arg>
<msg timestamp="20231228 10:18:59.957" level="INFO">Doctor and department field is not chosen in control settings</msg>
<status status="PASS" endtime="20231228 10:18:59.957" starttime="20231228 10:18:59.956"/>
</kw>
<kw name="Selecting Unit With Data" library="FrontOffice.InNewOpRegistration">
<arg>${opregdata}</arg>
<msg timestamp="20231228 10:18:59.959" level="INFO">Unit field is not chosen in control settings</msg>
<status status="PASS" endtime="20231228 10:18:59.959" starttime="20231228 10:18:59.958"/>
</kw>
<kw name="Selecting Sal With Data" library="FrontOffice.InNewOpRegistration">
<arg>${opregdata}</arg>
<msg timestamp="20231228 10:19:00.337" level="INFO">Selecting label(s) 'Mr' from list 'xpath=//*[@id="cboSal"]'.</msg>
<status status="PASS" endtime="20231228 10:19:00.508" starttime="20231228 10:18:59.959"/>
</kw>
<kw name="Entering Name With Data" library="FrontOffice.InNewOpRegistration">
<arg>${opregdata}</arg>
<msg timestamp="20231228 10:19:00.602" level="INFO">Typing text 'MADHAN KUMAR L Kl' into text field 'xpath=//*[@id="txtLastName"]'</msg>
<status status="PASS" endtime="20231228 10:19:00.849" starttime="20231228 10:19:00.509"/>
</kw>
<kw name="Selecting Gender With Data" library="FrontOffice.InNewOpRegistration">
<arg>${opregdata}</arg>
<msg timestamp="20231228 10:19:00.913" level="INFO">Selecting label(s) 'Male' from list 'xpath=//*[@id="cboGender"]'.</msg>
<status status="PASS" endtime="20231228 10:19:00.987" starttime="20231228 10:19:00.849"/>
</kw>
<kw name="Entering Age With Data" library="FrontOffice.InNewOpRegistration">
<arg>${opregdata}</arg>
<msg timestamp="20231228 10:19:01.032" level="INFO">Typing text '59' into text field 'xpath=//*[@id="txtAge"]'</msg>
<status status="PASS" endtime="20231228 10:19:01.193" starttime="20231228 10:19:00.987"/>
</kw>
<kw name="Selecting Nationality With Data" library="FrontOffice.InNewOpRegistration">
<msg timestamp="20231228 10:19:01.194" level="INFO">Nationality Mandatory field in control settings was not enabled</msg>
<status status="PASS" endtime="20231228 10:19:01.194" starttime="20231228 10:19:01.194"/>
</kw>
<kw name="Selecting Nationalityid With Data" library="FrontOffice.InNewOpRegistration">
<msg timestamp="20231228 10:19:01.195" level="INFO">Nationality Mandatory ID field in control settings was not enabled</msg>
<status status="PASS" endtime="20231228 10:19:01.195" starttime="20231228 10:19:01.194"/>
</kw>
<kw name="Selecting Occupation With Data" library="FrontOffice.InNewOpRegistration">
<msg timestamp="20231228 10:19:01.195" level="INFO">Occupation Mandatory field in control settings was not enabled</msg>
<status status="PASS" endtime="20231228 10:19:01.195" starttime="20231228 10:19:01.195"/>
</kw>
<kw name="Selecting Referraldoctor With Data" library="FrontOffice.InNewOpRegistration">
<msg timestamp="20231228 10:19:01.196" level="INFO">Referral doctor Mandatory field in control settings was not enabled</msg>
<status status="PASS" endtime="20231228 10:19:01.196" starttime="20231228 10:19:01.195"/>
</kw>
<kw name="Selecting Maritalstatus With Data" library="FrontOffice.InNewOpRegistration">
<arg>${opregdata}</arg>
<msg timestamp="20231228 10:19:01.229" level="INFO">Selecting label(s) 'Single' from list 'xpath=//*[@id="cboMartialStatus"]'.</msg>
<status status="PASS" endtime="20231228 10:19:01.402" starttime="20231228 10:19:01.196"/>
</kw>
<kw name="Entering Address With Data" library="FrontOffice.InNewOpRegistration">
<arg>${opregdata}</arg>
<msg timestamp="20231228 10:19:01.452" level="INFO">Typing text '82, Jm Nagar' into text field 'xpath=//*[@id="txtPresentAddress"]'</msg>
<status status="PASS" endtime="20231228 10:19:01.688" starttime="20231228 10:19:01.402"/>
</kw>
<kw name="Selecting City With Data" library="FrontOffice.InNewOpRegistration">
<arg>${opregdata}</arg>
<msg timestamp="20231228 10:19:01.750" level="INFO">Clicking element 'xpath=//*[@id="s2id_cboPresentCity"]'.</msg>
<msg timestamp="20231228 10:19:02.055" level="INFO">Typing text 'COIMBATORE' into text field 'xpath=//*[@id="select2-drop"]/div/input'</msg>
<msg timestamp="20231228 10:19:03.207" level="INFO">Clicking element 'xpath=//*[@id="select2-drop"]//span[text()="COIMBATORE"]'.</msg>
<status status="PASS" endtime="20231228 10:19:04.393" starttime="20231228 10:19:01.688"/>
</kw>
<kw name="Entering Mobile With Data" library="FrontOffice.InNewOpRegistration">
<arg>${opregdata}</arg>
<msg timestamp="20231228 10:19:04.429" level="INFO">Typing text '9120000429' into text field 'xpath=//*[@id="txtMobile"]'</msg>
<status status="PASS" endtime="20231228 10:19:04.560" starttime="20231228 10:19:04.393"/>
</kw>
<kw name="Selecting Savebtn" library="FrontOffice.InNewOpRegistration">
<msg timestamp="20231228 10:19:04.592" level="INFO">Clicking button 'xpath=//*[@id="btnSave"]'.</msg>
<status status="PASS" endtime="20231228 10:19:04.806" starttime="20231228 10:19:04.560"/>
</kw>
<kw name="Fetching Regno" library="FrontOffice.InNewOpRegistration">
<msg timestamp="20231228 10:19:07.333" level="INFO">3
9018
('Registered Reg number is', u'9018')</msg>
<status status="PASS" endtime="20231228 10:19:07.333" starttime="20231228 10:19:04.807"/>
</kw>
<kw name="Unselecting The Frame" library="FrontOffice.InNewOpRegistration">
<status status="PASS" endtime="20231228 10:19:07.337" starttime="20231228 10:19:07.333"/>
</kw>
<status status="PASS" endtime="20231228 10:19:07.338" starttime="20231228 10:18:55.425"/>
</kw>
<kw name="CHECKING_REDIRECT_TO_BILLING_OPTION">
<arg>OPBILLING</arg>
<if>
<branch type="IF" condition="('${nextmodule}' != 'FRONTOFFICE')">
<kw name="Logoff" library="admin.FromConfigFile">
<msg timestamp="20231228 10:19:07.380" level="INFO">Clicking element 'xpath=//*[@class="fa fa-power-off"]'.</msg>
<status status="PASS" endtime="20231228 10:19:08.285" starttime="20231228 10:19:07.339"/>
</kw>
<status status="PASS" endtime="20231228 10:19:08.285" starttime="20231228 10:19:07.339"/>
</branch>
<branch type="ELSE">
<kw name="Log" library="BuiltIn">
<arg>"Next module is same frontoffice module so didnt do logoff"</arg>
<doc>Logs the given message with the given level.</doc>
<status status="NOT RUN" endtime="20231228 10:19:08.285" starttime="20231228 10:19:08.285"/>
</kw>
<status status="NOT RUN" endtime="20231228 10:19:08.285" starttime="20231228 10:19:08.285"/>
</branch>
<status status="PASS" endtime="20231228 10:19:08.285" starttime="20231228 10:19:07.338"/>
</if>
<kw name="Evaluate" library="BuiltIn">
<var>${dict}</var>
<arg>admin.FromConfigFile.dict</arg>
<doc>Evaluates the given expression in Python and returns the result.</doc>
<msg timestamp="20231228 10:19:08.285" level="INFO">${dict} = {'REDIRECTTOBILL': 'False', 'DRIVER': &lt;selenium.webdriver.chrome.webdriver.WebDriver (session="4443d9f7d7bde8254318abeb8b711229")&gt;, 'REGBILLAPPRROVAL': 'True', 'BILLINGDATAS': 'True', 'REGNO': u'9018'...</msg>
<status status="PASS" endtime="20231228 10:19:08.285" starttime="20231228 10:19:08.285"/>
</kw>
<kw name="Get From Dictionary" library="Collections">
<var>${REDIRECTTOBILL}</var>
<arg>${dict}</arg>
<arg>REDIRECTTOBILL</arg>
<doc>Returns a value from the given ``dictionary`` based on the given ``key``.</doc>
<msg timestamp="20231228 10:19:08.285" level="INFO">${REDIRECTTOBILL} = False</msg>
<status status="PASS" endtime="20231228 10:19:08.285" starttime="20231228 10:19:08.285"/>
</kw>
<kw name="Get From Dictionary" library="Collections">
<var>${REGBILLAPPRROVAL}</var>
<arg>${dict}</arg>
<arg>REGBILLAPPRROVAL</arg>
<doc>Returns a value from the given ``dictionary`` based on the given ``key``.</doc>
<msg timestamp="20231228 10:19:08.285" level="INFO">${REGBILLAPPRROVAL} = True</msg>
<status status="PASS" endtime="20231228 10:19:08.285" starttime="20231228 10:19:08.285"/>
</kw>
<kw name="Get From Dictionary" library="Collections">
<var>${BILLINGDATAS}</var>
<arg>${dict}</arg>
<arg>BILLINGDATAS</arg>
<doc>Returns a value from the given ``dictionary`` based on the given ``key``.</doc>
<msg timestamp="20231228 10:19:08.285" level="INFO">${BILLINGDATAS} = True</msg>
<status status="PASS" endtime="20231228 10:19:08.285" starttime="20231228 10:19:08.285"/>
</kw>
<if>
<branch type="IF" condition="('${BILLINGDATAS}' == 'True')">
<if>
<branch type="IF" condition="('${REDIRECTTOBILL}' == 'True') and ('${REGBILLAPPRROVAL}' == 'True')">
<kw name="Perform opbilling for registration and consultation charges">
<status status="NOT RUN" endtime="20231228 10:19:08.285" starttime="20231228 10:19:08.285"/>
</kw>
<if>
<branch type="IF" condition="('${nextmodule}' == 'FRONTOFFICE')">
<kw name="Logging" library="admin.FromConfigFile">
<arg>frontoffice</arg>
<status status="NOT RUN" endtime="20231228 10:19:08.285" starttime="20231228 10:19:08.285"/>
</kw>
<status status="NOT RUN" endtime="20231228 10:19:08.285" starttime="20231228 10:19:08.285"/>
</branch>
<branch type="ELSE">
<kw name="Log" library="BuiltIn">
<arg>"Next module is same frontoffice module so didnt do logoff"</arg>
<doc>Logs the given message with the given level.</doc>
<status status="NOT RUN" endtime="20231228 10:19:08.285" starttime="20231228 10:19:08.285"/>
</kw>
<status status="NOT RUN" endtime="20231228 10:19:08.285" starttime="20231228 10:19:08.285"/>
</branch>
<status status="NOT RUN" endtime="20231228 10:19:08.285" starttime="20231228 10:19:08.285"/>
</if>
<status status="NOT RUN" endtime="20231228 10:19:08.285" starttime="20231228 10:19:08.285"/>
</branch>
<branch type="ELSE IF" condition="('${REDIRECTTOBILL}' == 'False') and ('${REGBILLAPPRROVAL}' == 'True')">
<kw name="Perform opbilling for registration and consultation charges">
<kw name="Logging" library="admin.FromConfigFile">
<arg>opbilling</arg>
<msg timestamp="20231228 10:19:08.397" level="INFO">Clicking element 'xpath=//a[@href="#divNewSession"]'.</msg>
<msg timestamp="20231228 10:19:57.095" level="INFO">Typing text 'opbillv15v1' into text field 'xpath=//*[@id="newuname"]'</msg>
<msg timestamp="20231228 10:19:57.197" level="INFO">Typing text 'aosta' into text field 'xpath=//*[@id="txtrepassword"]'</msg>
<msg timestamp="20231228 10:19:57.297" level="INFO">Clicking button 'xpath=//*[@id="btnrelogin"]'.</msg>
<status status="PASS" endtime="20231228 10:20:07.391" starttime="20231228 10:19:08.285"/>
</kw>
<kw name="Loading Menu Of Link Test" library="admin.FromConfigFile">
<arg>//Billing/OPBillTransaction/OPSearch.aspx?opt=2</arg>
<arg>opbilling</arg>
<msg timestamp="20231228 10:20:12.556" level="INFO">Simulating Mouse Over on element 'xpath=//*[text()="OP TRANSACTIONS"]/..'</msg>
<msg timestamp="20231228 10:20:13.878" level="INFO">Clicking element 'xpath=//*[text()="OP BILLINGS"]'.</msg>
<msg timestamp="20231228 10:20:16.003" level="INFO">Clicking element 'xpath=//a[text()="OP BILLLING"]'.</msg>
<msg timestamp="20231228 10:20:17.081" level="INFO">Clicking element 'xpath=//*[(text()="OP BILLINGS")]'.</msg>
<msg timestamp="20231228 10:20:18.385" level="INFO">Simulating Mouse Over on element 'xpath=//*[@id="chkNewwindow"]'</msg>
<msg timestamp="20231228 10:20:23.707" level="INFO">top menu is OP TRANSACTIONS
1
2
3
4
sub menu is OP BILLINGS
5
main menu is OP BILLLING</msg>
<status status="PASS" endtime="20231228 10:20:23.707" starttime="20231228 10:20:07.392"/>
</kw>
<kw name="Screenshotonfailure" library="OPBilling.InOPBilling">
<msg timestamp="20231228 10:20:23.707" level="INFO">capturing_screenshot_on_failure will be run on failure.</msg>
<status status="PASS" endtime="20231228 10:20:23.707" starttime="20231228 10:20:23.707"/>
</kw>
<kw name="Selecting Opbilling Frame" library="OPBilling.InOPBilling">
<msg timestamp="20231228 10:20:23.742" level="INFO">Selecting frame 'xpath=//*[@id="frmMainPage"]'.</msg>
<msg timestamp="20231228 10:20:23.779" level="INFO">Selecting frame 'xpath=//*[@id="tab_1"]/iframe'.</msg>
<status status="PASS" endtime="20231228 10:20:26.825" starttime="20231228 10:20:23.708"/>
</kw>
<kw name="Entering Regno With Data" library="OPBilling.InOPBilling">
<msg timestamp="20231228 10:20:26.872" level="INFO">Typing text '9018' into text field 'xpath=//*[@id="txtRegNo"]'</msg>
<msg timestamp="20231228 10:20:27.065" level="INFO">Clicking button 'xpath=//*[@id="btnSearch1"]'.</msg>
<msg timestamp="20231228 10:20:32.292" level="INFO">2</msg>
<status status="PASS" endtime="20231228 10:20:32.292" starttime="20231228 10:20:26.825"/>
</kw>
<kw name="Entering Remarks" library="OPBilling.InOPBilling">
<msg timestamp="20231228 10:20:33.333" level="INFO">Typing text 'remarks' into text field 'xpath=//*[@id="txtRemarks"]'</msg>
<status status="PASS" endtime="20231228 10:20:33.470" starttime="20231228 10:20:32.292"/>
</kw>
<kw name="Get Opbillpayableamount" library="OPBilling.InOPBilling">
<msg timestamp="20231228 10:20:33.531" level="INFO">200.00</msg>
<status status="PASS" endtime="20231228 10:20:33.531" starttime="20231228 10:20:33.470"/>
</kw>
<kw name="Selecting Paymode Link" library="OPBilling.InPayMode">
<msg timestamp="20231228 10:20:38.592" level="INFO">Clicking link 'xpath=//a[@id="paymentDetailLink"]'.</msg>
<status status="PASS" endtime="20231228 10:20:38.785" starttime="20231228 10:20:33.531"/>
</kw>
<kw name="Selecting Paymode Frame" library="OPBilling.InPayMode">
<msg timestamp="20231228 10:20:39.107" level="INFO">Selecting frame 'xpath=//*[@id="iframe1"]'.</msg>
<status status="PASS" endtime="20231228 10:20:44.233" starttime="20231228 10:20:38.786"/>
</kw>
<kw name="Selecting Paymenttype Save Button" library="OPBilling.InPayMode">
<msg timestamp="20231228 10:20:44.251" level="INFO">Current page contains element 'xpath=//*[@id="savecashdetails"]'.</msg>
<msg timestamp="20231228 10:20:44.251" level="INFO">Clicking button 'xpath=//*[@id="savecashdetails"]'.</msg>
<msg timestamp="20231228 10:20:44.483" level="INFO">Payment Detail ---------------------- Cash Amount : 200.00</msg>
<status status="PASS" endtime="20231228 10:20:44.484" starttime="20231228 10:20:44.233"/>
</kw>
<kw name="Unselecting The Frame" library="OPBilling.InPayMode">
<status status="PASS" endtime="20231228 10:20:44.502" starttime="20231228 10:20:44.484"/>
</kw>
<kw name="Selecting Opbilling Frame" library="OPBilling.InOPBilling">
<msg timestamp="20231228 10:20:44.543" level="INFO">Selecting frame 'xpath=//*[@id="frmMainPage"]'.</msg>
<msg timestamp="20231228 10:20:44.580" level="INFO">Selecting frame 'xpath=//*[@id="tab_1"]/iframe'.</msg>
<status status="PASS" endtime="20231228 10:20:47.638" starttime="20231228 10:20:44.502"/>
</kw>
<kw name="Selecting Opbilling Save Button" library="OPBilling.InOPBilling">
<msg timestamp="20231228 10:20:47.669" level="INFO">Clicking element 'xpath=//*[@id="btnSaveText"]'.</msg>
<status status="PASS" endtime="20231228 10:21:02.868" starttime="20231228 10:20:47.638"/>
</kw>
<kw name="Unselecting The Frame" library="OPBilling.InOPBilling">
<status status="PASS" endtime="20231228 10:21:02.873" starttime="20231228 10:21:02.868"/>
</kw>
<kw name="Logoff" library="admin.FromConfigFile">
<msg timestamp="20231228 10:21:02.914" level="INFO">Clicking element 'xpath=//*[@class="fa fa-power-off"]'.</msg>
<status status="PASS" endtime="20231228 10:21:03.791" starttime="20231228 10:21:02.873"/>
</kw>
<status status="PASS" endtime="20231228 10:21:03.791" starttime="20231228 10:19:08.285"/>
</kw>
<if>
<branch type="IF" condition="('${nextmodule}' == 'FRONTOFFICE')">
<kw name="Logging" library="admin.FromConfigFile">
<arg>frontoffice</arg>
<status status="NOT RUN" endtime="20231228 10:21:03.791" starttime="20231228 10:21:03.791"/>
</kw>
<status status="NOT RUN" endtime="20231228 10:21:03.791" starttime="20231228 10:21:03.791"/>
</branch>
<branch type="ELSE">
<kw name="Log" library="BuiltIn">
<arg>"Next module is same frontoffice module so didnt do logoff"</arg>
<doc>Logs the given message with the given level.</doc>
<msg timestamp="20231228 10:21:03.792" level="INFO">"Next module is same frontoffice module so didnt do logoff"</msg>
<status status="PASS" endtime="20231228 10:21:03.792" starttime="20231228 10:21:03.792"/>
</kw>
<status status="PASS" endtime="20231228 10:21:03.792" starttime="20231228 10:21:03.792"/>
</branch>
<status status="PASS" endtime="20231228 10:21:03.792" starttime="20231228 10:21:03.791"/>
</if>
<status status="PASS" endtime="20231228 10:21:03.792" starttime="20231228 10:19:08.285"/>
</branch>
<status status="PASS" endtime="20231228 10:21:03.792" starttime="20231228 10:19:08.285"/>
</if>
<status status="PASS" endtime="20231228 10:21:03.792" starttime="20231228 10:19:08.285"/>
</branch>
<branch type="ELSE IF" condition="('${BILLINGDATAS}' == 'False')">
<kw name="Log" library="BuiltIn">
<arg>"billing datas in control panel settings are disabled"</arg>
<doc>Logs the given message with the given level.</doc>
<status status="NOT RUN" endtime="20231228 10:21:03.793" starttime="20231228 10:21:03.793"/>
</kw>
<status status="NOT RUN" endtime="20231228 10:21:03.793" starttime="20231228 10:21:03.792"/>
</branch>
<branch type="ELSE">
<kw name="Log" library="BuiltIn">
<arg>"no need to save in opbilling screen for registration and consultation charges"</arg>
<doc>Logs the given message with the given level.</doc>
<status status="NOT RUN" endtime="20231228 10:21:03.793" starttime="20231228 10:21:03.793"/>
</kw>
<status status="NOT RUN" endtime="20231228 10:21:03.793" starttime="20231228 10:21:03.793"/>
</branch>
<status status="PASS" endtime="20231228 10:21:03.793" starttime="20231228 10:19:08.285"/>
</if>
<status status="PASS" endtime="20231228 10:21:03.793" starttime="20231228 10:19:07.338"/>
</kw>
<kw name="Logging" library="admin.FromConfigFile">
<arg>opbilling</arg>
<msg timestamp="20231228 10:21:03.911" level="INFO">Clicking element 'xpath=//a[@href="#divNewSession"]'.</msg>
<msg timestamp="20231228 10:21:04.501" level="INFO">Typing text 'opbillv15v1' into text field 'xpath=//*[@id="newuname"]'</msg>
<msg timestamp="20231228 10:21:04.617" level="INFO">Typing text 'aosta' into text field 'xpath=//*[@id="txtrepassword"]'</msg>
<msg timestamp="20231228 10:21:04.734" level="INFO">Clicking button 'xpath=//*[@id="btnrelogin"]'.</msg>
<status status="PASS" endtime="20231228 10:21:14.822" starttime="20231228 10:21:03.793"/>
</kw>
<kw name="Loading Menu Of Link Test" library="admin.FromConfigFile">
<arg>//Billing/OPIPSearch.aspx?opt=1</arg>
<arg>opbilling</arg>
<msg timestamp="20231228 10:21:20.009" level="INFO">Simulating Mouse Over on element 'xpath=//*[text()="OP TRANSACTIONS"]/..'</msg>
<msg timestamp="20231228 10:21:21.322" level="INFO">Clicking element 'xpath=//*[text()="PRE PAYMENT TRANSACTIONS"]'.</msg>
<msg timestamp="20231228 10:21:23.454" level="INFO">Clicking element 'xpath=//a[text()="ADVANCE PAYMENT"]'.</msg>
<msg timestamp="20231228 10:21:24.544" level="INFO">Clicking element 'xpath=//*[(text()="PRE PAYMENT TRANSACTIONS")]'.</msg>
<msg timestamp="20231228 10:21:25.617" level="INFO">Simulating Mouse Over on element 'xpath=//*[@id="chkNewwindow"]'</msg>
<msg timestamp="20231228 10:21:30.948" level="INFO">top menu is OP TRANSACTIONS
1
2
3
4
sub menu is PRE PAYMENT TRANSACTIONS
5
main menu is ADVANCE PAYMENT</msg>
<status status="PASS" endtime="20231228 10:21:30.949" starttime="20231228 10:21:14.822"/>
</kw>
<kw name="Screenshotonfailure" library="WF_MultiAdvancePayment.OPAdvance">
<msg timestamp="20231228 10:21:30.949" level="INFO">capturing_screenshot_on_failure will be run on failure.</msg>
<status status="PASS" endtime="20231228 10:21:30.949" starttime="20231228 10:21:30.949"/>
</kw>
<kw name="Multiple Op Advance" library="WF_MultiAdvancePayment.OPAdvance">
<kw name="Capturing Screenshot On Failure" library="admin.FromConfigFile">
<msg timestamp="20231228 10:21:31.090" html="true" level="INFO">&lt;/td&gt;&lt;/tr&gt;&lt;tr&gt;&lt;td colspan="3"&gt;&lt;a href="../Automate_BB15_release/screenshots_failure/Running%20Multiple%20Combination%20of%20OP%20Advance%20Payment%20Test%20Case.png"&gt;&lt;img src="../Automate_BB15_release/screenshots_failure/Running%20Multiple%20Combination%20of%20OP%20Advance%20Payment%20Test%20Case.png" width="800px"&gt;&lt;/a&gt;</msg>
<status status="PASS" endtime="20231228 10:21:31.090" starttime="20231228 10:21:30.950"/>
</kw>
<msg timestamp="20231228 10:21:31.092" level="FAIL">XLRDError: Excel xlsx file; not supported</msg>
<status status="FAIL" endtime="20231228 10:21:31.092" starttime="20231228 10:21:30.949"/>
</kw>
<kw name="Logoff" library="admin.FromConfigFile">
<status status="NOT RUN" endtime="20231228 10:21:31.092" starttime="20231228 10:21:31.092"/>
</kw>
<kw name="Close The Browsers" library="admin.FromConfigFile">
<status status="NOT RUN" endtime="20231228 10:21:31.092" starttime="20231228 10:21:31.092"/>
</kw>
<status status="FAIL" endtime="20231228 10:21:31.092" starttime="20231228 10:18:23.318"/>
</branch>
<branch type="ELSE">
<kw name="Log" library="BuiltIn">
<arg>"This Test case is not tagged for test execution"</arg>
<doc>Logs the given message with the given level.</doc>
<status status="NOT RUN" endtime="20231228 10:21:31.092" starttime="20231228 10:21:31.092"/>
</kw>
<status status="NOT RUN" endtime="20231228 10:21:31.092" starttime="20231228 10:21:31.092"/>
</branch>
<status status="FAIL" endtime="20231228 10:21:31.092" starttime="20231228 10:18:23.318"/>
</if>
<tag>OPADVANCEMULTI</tag>
<status status="FAIL" endtime="20231228 10:21:31.093" starttime="20231228 10:18:23.316">XLRDError: Excel xlsx file; not supported</status>
</test>
<status status="FAIL" endtime="20231228 10:21:31.094" starttime="20231228 10:18:09.069"/>
</suite>
<statistics>
<total>
<stat fail="1" skip="0" pass="0">All Tests</stat>
</total>
<tag>
<stat fail="1" skip="0" pass="0">OPADVANCEMULTI</stat>
</tag>
<suite>
<stat fail="1" skip="0" id="s1" name="BILLINGMODULE" pass="0">BILLINGMODULE</stat>
</suite>
</statistics>
<errors>
</errors>
</robot>
