<?xml version="1.0" encoding="UTF-8"?>
<robot rpa="false" generated="20231017 17:55:08.156" schemaversion="2" generator="Robot 4.1.3 (Python 2.7.18 on win32)">
<suite source="D:\workspace\Automate_BB15_local\driver\robot_driver\DEMOFIRST.robot" id="s1" name="DEMOFIRST">
<test id="s1-t1" name="Running FrontOffice OP New Registration Test Case">
<kw name="Evaluate" library="BuiltIn">
<var>${runflag}</var>
<arg>common_reader.Capturing.runflag</arg>
<doc>Evaluates the given expression in Python and returns the result.</doc>
<msg timestamp="20231017 17:55:52.083" level="INFO">${runflag} = {u'TC154': 0L, u'TC152': 0L, u'TC153': 0L, u'TC150': 0L, u'TC151': 0L, u'TC29': 0L, u'TC28': 0L, u'TC21': 0L, u'TC20': 0L, u'TC23': 0L, u'TC22': 0L, u'TC25': 0L, u'TC24': 0L, u'TC27': 0L, u'TC26': 0L,...</msg>
<status status="PASS" endtime="20231017 17:55:52.083" starttime="20231017 17:55:52.083"/>
</kw>
<kw name="Get From Dictionary" library="Collections">
<var>${runflag_status}</var>
<arg>${runflag}</arg>
<arg>TC15</arg>
<doc>Returns a value from the given ``dictionary`` based on the given ``key``.</doc>
<msg timestamp="20231017 17:55:52.085" level="INFO">${runflag_status} = 1</msg>
<status status="PASS" endtime="20231017 17:55:52.085" starttime="20231017 17:55:52.084"/>
</kw>
<kw name="Log" library="BuiltIn">
<arg>${runflag_status}</arg>
<doc>Logs the given message with the given level.</doc>
<msg timestamp="20231017 17:55:52.086" level="INFO">1</msg>
<status status="PASS" endtime="20231017 17:55:52.086" starttime="20231017 17:55:52.086"/>
</kw>
<if>
<branch type="IF" condition="'${runflag_status}' == '1'">
<kw name="Driving Browser And Url" library="admin.FromConfigFile">
<msg timestamp="20231017 17:55:52.189" level="INFO">Opening browser 'Chrome' to base url 'https://demo.aostahealthcare.com/BB15SE/Backbone/admin/login.aspx'</msg>
<status status="PASS" endtime="20231017 17:55:56.398" starttime="20231017 17:55:52.088"/>
</kw>
<kw name="Admin Screenshotonfailure" library="admin.FromConfigFile">
<msg timestamp="20231017 17:55:56.400" level="INFO">admin.FromConfigFile.Capture Page Screenshot will be run on failure.</msg>
<status status="PASS" endtime="20231017 17:55:56.400" starttime="20231017 17:55:56.400"/>
</kw>
<kw name="Zoom Out Page" library="admin.FromConfigFile">
<arg>4</arg>
<status status="PASS" endtime="20231017 17:56:06.061" starttime="20231017 17:55:56.401"/>
</kw>
<kw name="Logging" library="admin.FromConfigFile">
<arg>frontoffice</arg>
<msg timestamp="20231017 17:56:06.163" level="INFO">Clicking element 'xpath=//a[@href="#divNewSession"]'.</msg>
<msg timestamp="20231017 17:56:06.730" level="INFO">Typing text 'recpv15' into text field 'xpath=//*[@id="newuname"]'</msg>
<msg timestamp="20231017 17:56:06.827" level="INFO">Typing text 'aosta' into text field 'xpath=//*[@id="txtrepassword"]'</msg>
<msg timestamp="20231017 17:56:06.939" level="INFO">Clicking button 'xpath=//*[@id="btnrelogin"]'.</msg>
<status status="PASS" endtime="20231017 17:56:07.022" starttime="20231017 17:56:06.062"/>
</kw>
<kw name="Loading Menu Of Link Test" library="admin.FromConfigFile">
<arg>//FrontOfficeCS/tOPNewRegistration.aspx</arg>
<arg>frontoffice</arg>
<msg timestamp="20231017 17:56:12.188" level="INFO">Simulating Mouse Over on element 'xpath=//*[text()=" REGISTRATION"]/..'</msg>
<msg timestamp="20231017 17:56:13.495" level="INFO">Clicking element 'xpath=//*[text()="OP REGISTRATION"]'.</msg>
<msg timestamp="20231017 17:56:15.624" level="INFO">Clicking element 'xpath=//a[text()="OP NEW REGISTRATION "]'.</msg>
<msg timestamp="20231017 17:56:16.698" level="INFO">Clicking element 'xpath=//*[(text()="OP REGISTRATION")]'.</msg>
<msg timestamp="20231017 17:56:17.769" level="INFO">Simulating Mouse Over on element 'xpath=//*[@id="chkNewwindow"]'</msg>
<msg timestamp="20231017 17:56:24.153" level="INFO">top menu is  REGISTRATION
1
2
3
4
sub menu is OP REGISTRATION
5
main menu is OP NEW REGISTRATION</msg>
<status status="PASS" endtime="20231017 17:56:24.153" starttime="20231017 17:56:07.023"/>
</kw>
<kw name="Set Variable" library="BuiltIn">
<var>${opregdata}</var>
<arg>15</arg>
<doc>Returns the given values which can then be assigned to a variables.</doc>
<msg timestamp="20231017 17:56:24.154" level="INFO">${opregdata} = 15</msg>
<status status="PASS" endtime="20231017 17:56:24.154" starttime="20231017 17:56:24.154"/>
</kw>
<kw name="PERFORM_OP_NEW_REGISTRATION">
<arg>${opregdata}</arg>
<kw name="Screenshotonfailure" library="FrontOffice.InNewOpRegistration">
<msg timestamp="20231017 17:56:24.156" level="INFO">admin.FromConfigFile.Capture Page Screenshot will be run on failure.</msg>
<status status="PASS" endtime="20231017 17:56:24.156" starttime="20231017 17:56:24.156"/>
</kw>
<kw name="Selecting The Frame" library="FrontOffice.InNewOpRegistration">
<msg timestamp="20231017 17:56:24.157" level="INFO">Selecting frame 'xpath=//*[@id="frmMainPage"]'.</msg>
<status status="PASS" endtime="20231017 17:56:25.216" starttime="20231017 17:56:24.157"/>
</kw>
<kw name="Selecting Department With Data" library="FrontOffice.InNewOpRegistration">
<arg>${opregdata}</arg>
<msg timestamp="20231017 17:56:25.218" level="INFO">Department field is not chosen in control settings</msg>
<status status="PASS" endtime="20231017 17:56:25.218" starttime="20231017 17:56:25.217"/>
</kw>
<kw name="Selecting Doctor With Data" library="FrontOffice.InNewOpRegistration">
<arg>${opregdata}</arg>
<msg timestamp="20231017 17:56:25.220" level="INFO">Doctor field is not chosen in control settings</msg>
<status status="PASS" endtime="20231017 17:56:25.220" starttime="20231017 17:56:25.220"/>
</kw>
<kw name="Selecting Onlydoctor With Data" library="FrontOffice.InNewOpRegistration">
<arg>${opregdata}</arg>
<msg timestamp="20231017 17:56:25.306" level="INFO">Typing text 'FARUKH' into text field 'xpath=//*[@id="select2-drop"]//input'</msg>
<msg timestamp="20231017 17:56:25.648" level="INFO">Clicking element 'xpath=//*[@id="select2-drop"]//span[text()="FARUKH(CARDIOLOGY)"]'.</msg>
<status status="PASS" endtime="20231017 17:56:26.891" starttime="20231017 17:56:25.222"/>
</kw>
<kw name="Selecting Unit With Data" library="FrontOffice.InNewOpRegistration">
<arg>${opregdata}</arg>
<msg timestamp="20231017 17:56:26.896" level="INFO">Unit field is not chosen in control settings</msg>
<status status="PASS" endtime="20231017 17:56:26.896" starttime="20231017 17:56:26.894"/>
</kw>
<kw name="Selecting Sal With Data" library="FrontOffice.InNewOpRegistration">
<arg>${opregdata}</arg>
<msg timestamp="20231017 17:56:26.937" level="INFO">Selecting label(s) 'Mr' from list 'xpath=//*[@id="cboSal"]'.</msg>
<status status="PASS" endtime="20231017 17:56:27.086" starttime="20231017 17:56:26.897"/>
</kw>
<kw name="Entering Name With Data" library="FrontOffice.InNewOpRegistration">
<arg>${opregdata}</arg>
<msg timestamp="20231017 17:56:27.130" level="INFO">Typing text 'FOWZIYA L Kl' into text field 'xpath=//*[@id="txtLastName"]'</msg>
<status status="PASS" endtime="20231017 17:56:27.428" starttime="20231017 17:56:27.088"/>
</kw>
<kw name="Selecting Gender With Data" library="FrontOffice.InNewOpRegistration">
<arg>${opregdata}</arg>
<msg timestamp="20231017 17:56:27.503" level="INFO">Selecting label(s) 'Female' from list 'xpath=//*[@id="cboGender"]'.</msg>
<status status="PASS" endtime="20231017 17:56:27.657" starttime="20231017 17:56:27.429"/>
</kw>
<kw name="Entering Age With Data" library="FrontOffice.InNewOpRegistration">
<arg>${opregdata}</arg>
<msg timestamp="20231017 17:56:27.701" level="INFO">Typing text '55' into text field 'xpath=//*[@id="txtAge"]'</msg>
<status status="PASS" endtime="20231017 17:56:27.959" starttime="20231017 17:56:27.659"/>
</kw>
<kw name="Selecting Nationality With Data" library="FrontOffice.InNewOpRegistration">
<msg timestamp="20231017 17:56:27.960" level="INFO">Nationality Mandatory field in control settings was not enabled</msg>
<status status="PASS" endtime="20231017 17:56:27.960" starttime="20231017 17:56:27.960"/>
</kw>
<kw name="Selecting Nationalityid With Data" library="FrontOffice.InNewOpRegistration">
<msg timestamp="20231017 17:56:27.962" level="INFO">Nationality Mandatory ID field in control settings was not enabled</msg>
<status status="PASS" endtime="20231017 17:56:27.962" starttime="20231017 17:56:27.961"/>
</kw>
<kw name="Selecting Occupation With Data" library="FrontOffice.InNewOpRegistration">
<msg timestamp="20231017 17:56:27.963" level="INFO">Occupation Mandatory field in control settings was not enabled</msg>
<status status="PASS" endtime="20231017 17:56:27.963" starttime="20231017 17:56:27.963"/>
</kw>
<kw name="Selecting Referraldoctor With Data" library="FrontOffice.InNewOpRegistration">
<msg timestamp="20231017 17:56:27.964" level="INFO">referral doctor Mandatory field in control settings was not enabled</msg>
<status status="PASS" endtime="20231017 17:56:27.965" starttime="20231017 17:56:27.964"/>
</kw>
<kw name="Selecting Maritalstatus With Data" library="FrontOffice.InNewOpRegistration">
<arg>${opregdata}</arg>
<msg timestamp="20231017 17:56:28.005" level="INFO">Selecting label(s) 'Married' from list 'xpath=//*[@id="cboMartialStatus"]'.</msg>
<status status="PASS" endtime="20231017 17:56:28.169" starttime="20231017 17:56:27.966"/>
</kw>
<kw name="Entering Address With Data" library="FrontOffice.InNewOpRegistration">
<arg>${opregdata}</arg>
<msg timestamp="20231017 17:56:28.221" level="INFO">Typing text '94, Jm Nagar' into text field 'xpath=//*[@id="txtPresentAddress"]'</msg>
<status status="PASS" endtime="20231017 17:56:28.519" starttime="20231017 17:56:28.170"/>
</kw>
<kw name="Entering Mobile With Data" library="FrontOffice.InNewOpRegistration">
<arg>${opregdata}</arg>
<msg timestamp="20231017 17:56:28.566" level="INFO">Typing text '9120000447' into text field 'xpath=//*[@id="txtMobile"]'</msg>
<status status="PASS" endtime="20231017 17:56:28.780" starttime="20231017 17:56:28.520"/>
</kw>
<kw name="Selecting Savebtn" library="FrontOffice.InNewOpRegistration">
<msg timestamp="20231017 17:56:28.836" level="INFO">Clicking button 'xpath=//*[@id="btnSave"]'.</msg>
<status status="PASS" endtime="20231017 17:56:29.015" starttime="20231017 17:56:28.782"/>
</kw>
<kw name="Fetching Regno" library="FrontOffice.InNewOpRegistration">
<msg timestamp="20231017 17:56:43.764" level="INFO">4
1334
('Registered Reg number is', u'1334')</msg>
<status status="PASS" endtime="20231017 17:56:43.764" starttime="20231017 17:56:29.016"/>
</kw>
<kw name="Unselecting The Frame" library="FrontOffice.InNewOpRegistration">
<status status="PASS" endtime="20231017 17:56:43.770" starttime="20231017 17:56:43.765"/>
</kw>
<status status="PASS" endtime="20231017 17:56:43.770" starttime="20231017 17:56:24.154"/>
</kw>
<kw name="CHECKING_REDIRECT_TO_BILLING_OPTION">
<arg>NOMODULE</arg>
<if>
<branch type="IF" condition="('${nextmodule}' != 'FRONTOFFICE')">
<kw name="Logoff" library="admin.FromConfigFile">
<msg timestamp="20231017 17:56:43.815" level="INFO">Clicking element 'xpath=//*[@class="fa fa-power-off"]'.</msg>
<status status="PASS" endtime="20231017 17:56:44.794" starttime="20231017 17:56:43.772"/>
</kw>
<status status="PASS" endtime="20231017 17:56:44.794" starttime="20231017 17:56:43.771"/>
</branch>
<branch type="ELSE">
<kw name="Log" library="BuiltIn">
<arg>"Next module is same frontoffice module so didnt do logoff"</arg>
<doc>Logs the given message with the given level.</doc>
<status status="NOT RUN" endtime="20231017 17:56:44.795" starttime="20231017 17:56:44.795"/>
</kw>
<status status="NOT RUN" endtime="20231017 17:56:44.795" starttime="20231017 17:56:44.794"/>
</branch>
<status status="PASS" endtime="20231017 17:56:44.795" starttime="20231017 17:56:43.770"/>
</if>
<kw name="Evaluate" library="BuiltIn">
<var>${dict}</var>
<arg>admin.FromConfigFile.dict</arg>
<doc>Evaluates the given expression in Python and returns the result.</doc>
<msg timestamp="20231017 17:56:44.796" level="INFO">${dict} = {'REDIRECTTOBILL': 'True', 'REGBILLAPPRROVAL': 'False', 'BILLINGDATAS': 'True', 'REGNO': u'1334', 'REGBILLAPPROVAL': '', 'BROWSER': &lt;selenium.webdriver.chrome.webdriver.WebDriver (session="5a8b51891a0...</msg>
<status status="PASS" endtime="20231017 17:56:44.796" starttime="20231017 17:56:44.796"/>
</kw>
<kw name="Get From Dictionary" library="Collections">
<var>${REDIRECTTOBILL}</var>
<arg>${dict}</arg>
<arg>REDIRECTTOBILL</arg>
<doc>Returns a value from the given ``dictionary`` based on the given ``key``.</doc>
<msg timestamp="20231017 17:56:44.797" level="INFO">${REDIRECTTOBILL} = True</msg>
<status status="PASS" endtime="20231017 17:56:44.797" starttime="20231017 17:56:44.797"/>
</kw>
<kw name="Get From Dictionary" library="Collections">
<var>${REGBILLAPPRROVAL}</var>
<arg>${dict}</arg>
<arg>REGBILLAPPRROVAL</arg>
<doc>Returns a value from the given ``dictionary`` based on the given ``key``.</doc>
<msg timestamp="20231017 17:56:44.800" level="INFO">${REGBILLAPPRROVAL} = False</msg>
<status status="PASS" endtime="20231017 17:56:44.800" starttime="20231017 17:56:44.799"/>
</kw>
<kw name="Get From Dictionary" library="Collections">
<var>${BILLINGDATAS}</var>
<arg>${dict}</arg>
<arg>BILLINGDATAS</arg>
<doc>Returns a value from the given ``dictionary`` based on the given ``key``.</doc>
<msg timestamp="20231017 17:56:44.801" level="INFO">${BILLINGDATAS} = True</msg>
<status status="PASS" endtime="20231017 17:56:44.802" starttime="20231017 17:56:44.801"/>
</kw>
<if>
<branch type="IF" condition="('${BILLINGDATAS}' == 'True')">
<if>
<branch type="IF" condition="('${REDIRECTTOBILL}' == 'True') and ('${REGBILLAPPRROVAL}' == 'True')">
<kw name="Perform opbilling for registration and consultation charges">
<status status="NOT RUN" endtime="20231017 17:56:44.802" starttime="20231017 17:56:44.802"/>
</kw>
<if>
<branch type="IF" condition="('${nextmodule}' == 'FRONTOFFICE')">
<kw name="Logging" library="admin.FromConfigFile">
<arg>frontoffice</arg>
<status status="NOT RUN" endtime="20231017 17:56:44.804" starttime="20231017 17:56:44.804"/>
</kw>
<status status="NOT RUN" endtime="20231017 17:56:44.804" starttime="20231017 17:56:44.803"/>
</branch>
<branch type="ELSE">
<kw name="Log" library="BuiltIn">
<arg>"Next module is same frontoffice module so didnt do logoff"</arg>
<doc>Logs the given message with the given level.</doc>
<status status="NOT RUN" endtime="20231017 17:56:44.805" starttime="20231017 17:56:44.805"/>
</kw>
<status status="NOT RUN" endtime="20231017 17:56:44.805" starttime="20231017 17:56:44.804"/>
</branch>
<status status="NOT RUN" endtime="20231017 17:56:44.805" starttime="20231017 17:56:44.802"/>
</if>
<status status="NOT RUN" endtime="20231017 17:56:44.805" starttime="20231017 17:56:44.802"/>
</branch>
<branch type="ELSE IF" condition="('${REDIRECTTOBILL}' == 'False') and ('${REGBILLAPPRROVAL}' == 'True')">
<kw name="Perform opbilling for registration and consultation charges">
<status status="NOT RUN" endtime="20231017 17:56:44.805" starttime="20231017 17:56:44.805"/>
</kw>
<if>
<branch type="IF" condition="('${nextmodule}' == 'FRONTOFFICE')">
<kw name="Logging" library="admin.FromConfigFile">
<arg>frontoffice</arg>
<status status="NOT RUN" endtime="20231017 17:56:44.807" starttime="20231017 17:56:44.806"/>
</kw>
<status status="NOT RUN" endtime="20231017 17:56:44.807" starttime="20231017 17:56:44.805"/>
</branch>
<branch type="ELSE">
<kw name="Log" library="BuiltIn">
<arg>"Next module is same frontoffice module so didnt do logoff"</arg>
<doc>Logs the given message with the given level.</doc>
<status status="NOT RUN" endtime="20231017 17:56:44.807" starttime="20231017 17:56:44.807"/>
</kw>
<status status="NOT RUN" endtime="20231017 17:56:44.808" starttime="20231017 17:56:44.807"/>
</branch>
<status status="NOT RUN" endtime="20231017 17:56:44.808" starttime="20231017 17:56:44.805"/>
</if>
<status status="NOT RUN" endtime="20231017 17:56:44.808" starttime="20231017 17:56:44.805"/>
</branch>
<status status="PASS" endtime="20231017 17:56:44.808" starttime="20231017 17:56:44.802"/>
</if>
<status status="PASS" endtime="20231017 17:56:44.808" starttime="20231017 17:56:44.802"/>
</branch>
<branch type="ELSE IF" condition="('${BILLINGDATAS}' == 'False')">
<kw name="Log" library="BuiltIn">
<arg>"billing datas in control panel settings are disabled"</arg>
<doc>Logs the given message with the given level.</doc>
<status status="NOT RUN" endtime="20231017 17:56:44.809" starttime="20231017 17:56:44.809"/>
</kw>
<status status="NOT RUN" endtime="20231017 17:56:44.809" starttime="20231017 17:56:44.808"/>
</branch>
<branch type="ELSE">
<kw name="Log" library="BuiltIn">
<arg>"no need to save in opbilling screen for registration and consultation charges"</arg>
<doc>Logs the given message with the given level.</doc>
<status status="NOT RUN" endtime="20231017 17:56:44.809" starttime="20231017 17:56:44.809"/>
</kw>
<status status="NOT RUN" endtime="20231017 17:56:44.810" starttime="20231017 17:56:44.809"/>
</branch>
<status status="PASS" endtime="20231017 17:56:44.810" starttime="20231017 17:56:44.802"/>
</if>
<status status="PASS" endtime="20231017 17:56:44.810" starttime="20231017 17:56:43.770"/>
</kw>
<kw name="Close The Browsers" library="admin.FromConfigFile">
<status status="PASS" endtime="20231017 17:56:47.055" starttime="20231017 17:56:44.811"/>
</kw>
<status status="PASS" endtime="20231017 17:56:47.055" starttime="20231017 17:55:52.086"/>
</branch>
<branch type="ELSE">
<kw name="Log" library="BuiltIn">
<arg>"This Test case is not tagged for test execution"</arg>
<doc>Logs the given message with the given level.</doc>
<status status="NOT RUN" endtime="20231017 17:56:47.058" starttime="20231017 17:56:47.058"/>
</kw>
<status status="NOT RUN" endtime="20231017 17:56:47.058" starttime="20231017 17:56:47.056"/>
</branch>
<status status="PASS" endtime="20231017 17:56:47.058" starttime="20231017 17:55:52.086"/>
</if>
<kw type="TEARDOWN" name="Test Teardown" library="admin.FromConfigFile">
<kw name="Capture Page Screenshot" library="admin.FromConfigFile">
<doc>Takes a screenshot of the current page and embeds it into the log.</doc>
<msg timestamp="20231017 17:56:47.066" level="FAIL">No browser is open</msg>
<status status="FAIL" endtime="20231017 17:56:47.066" starttime="20231017 17:56:47.062"/>
</kw>
<msg timestamp="20231017 17:56:47.066" level="WARN">Keyword 'admin.FromConfigFile.Capture Page Screenshot' could not be run on failure: No browser is open</msg>
<msg timestamp="20231017 17:56:47.067" level="FAIL">KeyError: 'TESTCASECOUNT'</msg>
<status status="FAIL" endtime="20231017 17:56:47.067" starttime="20231017 17:56:47.060">KeyError: 'TESTCASECOUNT'</status>
</kw>
<tag>FOWF</tag>
<tag>FOWF1</tag>
<tag>UATFIRST</tag>
<status status="FAIL" endtime="20231017 17:56:47.067" starttime="20231017 17:55:52.079">Teardown failed:
KeyError: 'TESTCASECOUNT'</status>
</test>
<status status="FAIL" endtime="20231017 17:56:47.068" starttime="20231017 17:55:08.158"/>
</suite>
<statistics>
<total>
<stat fail="1" skip="0" pass="0">All Tests</stat>
</total>
<tag>
<stat fail="1" skip="0" pass="0">FOWF</stat>
<stat fail="1" skip="0" pass="0">FOWF1</stat>
<stat fail="1" skip="0" pass="0">UATFIRST</stat>
</tag>
<suite>
<stat fail="1" skip="0" id="s1" name="DEMOFIRST" pass="0">DEMOFIRST</stat>
</suite>
</statistics>
<errors>
<msg timestamp="20231017 17:56:47.066" level="WARN">Keyword 'admin.FromConfigFile.Capture Page Screenshot' could not be run on failure: No browser is open</msg>
</errors>
</robot>
