<?xml version="1.0" encoding="UTF-8"?>
<robot rpa="false" generated="20230511 09:30:44.348" schemaversion="2" generator="Robot 4.1.3 (Python 2.7.18 on win32)">
<suite source="D:\workspace\Automate_BB15_local\driver\robot_driver\FrontOffice.robot" id="s1" name="FrontOffice">
<test id="s1-t1" name="Running token transfer for doctor appointment - All">
<kw name="Driving Browser And Url" library="admin.FromConfigFile">
<msg timestamp="20230511 09:30:47.525" level="INFO">Opening browser 'Chrome' to base url 'http://192.168.0.232/bb15se/Backbone/admin/login.aspx'</msg>
<status status="PASS" endtime="20230511 09:31:00.416" starttime="20230511 09:30:47.493"/>
</kw>
<kw name="Logging" library="admin.FromConfigFile">
<arg>frontoffice</arg>
<msg timestamp="20230511 09:31:00.478" level="INFO">Clicking element 'xpath=//a[@href="#divNewSession"]'.</msg>
<msg timestamp="20230511 09:31:05.564" level="INFO">Typing text 'recpv15n' into text field 'xpath=//*[@id="newuname"]'</msg>
<msg timestamp="20230511 09:31:05.678" level="INFO">Typing text 'aosta' into text field 'xpath=//*[@id="txtrepassword"]'</msg>
<msg timestamp="20230511 09:31:05.803" level="INFO">Clicking button 'xpath=//*[@id="btnrelogin"]'.</msg>
<status status="PASS" endtime="20230511 09:31:12.911" starttime="20230511 09:31:00.416"/>
</kw>
<kw name="Loading Menu Of Link" library="admin.FromConfigFile">
<arg>/Appointments/tPatientAppointments.aspx</arg>
<msg timestamp="20230511 09:31:15.775" level="INFO">Simulating Mouse Over on element 'xpath=//*[@id="menulist"]/li[1]'</msg>
<msg timestamp="20230511 09:31:21.317" level="INFO">Simulating Mouse Over on element 'xpath=//*[@id="menulist"]/li[2]'</msg>
<msg timestamp="20230511 09:31:26.802" level="INFO">Simulating Mouse Over on element 'xpath=//*[@id="menulist"]/li[3]'</msg>
<msg timestamp="20230511 09:31:30.161" level="INFO">Clicking element 'xpath=//*[(text()="APPOINTMENT")]'.</msg>
<msg timestamp="20230511 09:31:32.263" level="INFO">Clicking element 'xpath=//*[(text()="DOCTOR APPOINTMENT")]'.</msg>
<msg timestamp="20230511 09:31:32.359" level="INFO">Clicking element 'xpath=//*[(text()="APPOINTMENT")]'.</msg>
<msg timestamp="20230511 09:31:32.444" level="INFO">Simulating Mouse Over on element 'xpath=//*[@id="chkNewwindow"]'</msg>
<msg timestamp="20230511 09:31:32.762" level="INFO">flink value
Appointments/tPatientAppointments.aspx
&lt;Cell u'menuload_sheet'.B29&gt;
&lt;Cell u'menuload_sheet'.C29&gt;
&lt;Cell u'menuload_sheet'.D29&gt;</msg>
<status status="PASS" endtime="20230511 09:31:32.763" starttime="20230511 09:31:12.912"/>
</kw>
<kw name="Select The Frame" library="FrontOffice.DoctorAppointment">
<msg timestamp="20230511 09:31:32.764" level="INFO">Selecting frame 'xpath=//*[@id="frmMainPage"]'.</msg>
<status status="PASS" endtime="20230511 09:31:33.265" starttime="20230511 09:31:32.763"/>
</kw>
<kw name="Doctor For Transfer All With Data" library="FrontOffice.DoctorAppointment">
<arg>${testdata}</arg>
<msg timestamp="20230511 09:31:33.541" level="INFO">Clicking element 'xpath=//*[.="ACCMG"]'.</msg>
<msg timestamp="20230511 09:31:33.695" level="INFO">ACCMG</msg>
<status status="PASS" endtime="20230511 09:31:33.695" starttime="20230511 09:31:33.265"/>
</kw>
<kw name="Select Date" library="FrontOffice.DoctorAppointment">
<msg timestamp="20230511 09:31:33.696" level="INFO">Simulating Mouse Over on element 'xpath=(//*[.="Available"])[1]'</msg>
<kw name="Capture Page Screenshot">
<msg timestamp="20230511 09:32:03.754" level="FAIL">Multiple keywords with name 'Capture Page Screenshot' found. Give the full name of the keyword you want to use:
    FrontOffice.CampRegistration.Capture Page Screenshot
    FrontOffice.CampRegistrationModify.Capture Page Screenshot
    FrontOffice.DoctorAppointment.Capture Page Screenshot
    FrontOffice.DoctorAppointmentBlockAndUnblock.Capture Page Screenshot
    FrontOffice.DoctorAppointmentCancellation.Capture Page Screenshot
    FrontOffice.InNewOpRegistration.Capture Page Screenshot
    FrontOffice.InPatientBlockAndUnblock.Capture Page Screenshot
    FrontOffice.PatientDetailUpdate.Capture Page Screenshot
    FrontOffice.TokenTransferForDoctorAppointmentAll.Capture Page Screenshot
    FrontOffice.TokenTransferForDoctorAppointmentIndividual.Capture Page Screenshot
    admin.FromConfigFile.Capture Page Screenshot
    common_reader.Capturing.Capture Page Screenshot</msg>
<status status="FAIL" endtime="20230511 09:32:03.754" starttime="20230511 09:32:03.753"/>
</kw>
<msg timestamp="20230511 09:32:03.754" level="WARN">Keyword 'Capture Page Screenshot' could not be run on failure: Multiple keywords with name 'Capture Page Screenshot' found. Give the full name of the keyword you want to use:
    FrontOffice.CampRegistration.Capture Page Screenshot
    FrontOffice.CampRegistrationModify.Capture Page Screenshot
    FrontOffice.DoctorAppointment.Capture Page Screenshot
    FrontOffice.DoctorAppointmentBlockAndUnblock.Capture Page Screenshot
    FrontOffice.DoctorAppointmentCancellation.Capture Page Screenshot
    FrontOffice.InNewOpRegistration.Capture Page Screenshot
    FrontOffice.InPatientBlockAndUnblock.Capture Page Screenshot
    FrontOffice.PatientDetailUpdate.Capture Page Screenshot
    FrontOffice.TokenTransferForDoctorAppointmentAll.Capture Page Screenshot
    FrontOffice.TokenTransferForDoctorAppointmentIndividual.Capture Page Screenshot
    admin.FromConfigFile.Capture Page Screenshot
    common_reader.Capturing.Capture Page Screenshot</msg>
<msg timestamp="20230511 09:32:03.758" level="FAIL">ERROR: Element xpath=(//*[.="Available"])[1] not found.</msg>
<status status="FAIL" endtime="20230511 09:32:03.758" starttime="20230511 09:31:33.696"/>
</kw>
<kw name="Select Time" library="FrontOffice.DoctorAppointment">
<status status="NOT RUN" endtime="20230511 09:32:03.759" starttime="20230511 09:32:03.759"/>
</kw>
<kw name="Selecting Sal With Data" library="FrontOffice.DoctorAppointment">
<arg>${testdata}</arg>
<status status="NOT RUN" endtime="20230511 09:32:03.759" starttime="20230511 09:32:03.759"/>
</kw>
<kw name="Entering Name With Data" library="FrontOffice.DoctorAppointment">
<arg>${testdata}</arg>
<status status="NOT RUN" endtime="20230511 09:32:03.759" starttime="20230511 09:32:03.759"/>
</kw>
<kw name="Entering Mobile With Data" library="FrontOffice.DoctorAppointment">
<arg>${testdata}</arg>
<status status="NOT RUN" endtime="20230511 09:32:03.760" starttime="20230511 09:32:03.760"/>
</kw>
<kw name="Clicking Save" library="FrontOffice.DoctorAppointment">
<status status="NOT RUN" endtime="20230511 09:32:03.760" starttime="20230511 09:32:03.760"/>
</kw>
<kw name="Get Message" library="FrontOffice.DoctorAppointment">
<status status="NOT RUN" endtime="20230511 09:32:03.760" starttime="20230511 09:32:03.760"/>
</kw>
<kw name="Select Time" library="FrontOffice.DoctorAppointment">
<status status="NOT RUN" endtime="20230511 09:32:03.761" starttime="20230511 09:32:03.761"/>
</kw>
<kw name="Selecting Sal With Data" library="FrontOffice.DoctorAppointment">
<arg>${testdata}</arg>
<status status="NOT RUN" endtime="20230511 09:32:03.761" starttime="20230511 09:32:03.761"/>
</kw>
<kw name="Entering Name With Data" library="FrontOffice.DoctorAppointment">
<arg>${testdata}</arg>
<status status="NOT RUN" endtime="20230511 09:32:03.761" starttime="20230511 09:32:03.761"/>
</kw>
<kw name="Entering Mobile With Data" library="FrontOffice.DoctorAppointment">
<arg>${testdata}</arg>
<status status="NOT RUN" endtime="20230511 09:32:03.762" starttime="20230511 09:32:03.761"/>
</kw>
<kw name="Clicking Save" library="FrontOffice.DoctorAppointment">
<status status="NOT RUN" endtime="20230511 09:32:03.762" starttime="20230511 09:32:03.762"/>
</kw>
<kw name="Get Message" library="FrontOffice.DoctorAppointment">
<status status="NOT RUN" endtime="20230511 09:32:03.762" starttime="20230511 09:32:03.762"/>
</kw>
<kw name="Select Time" library="FrontOffice.DoctorAppointment">
<status status="NOT RUN" endtime="20230511 09:32:03.762" starttime="20230511 09:32:03.762"/>
</kw>
<kw name="Selecting Sal With Data" library="FrontOffice.DoctorAppointment">
<arg>${testdata}</arg>
<status status="NOT RUN" endtime="20230511 09:32:03.763" starttime="20230511 09:32:03.763"/>
</kw>
<kw name="Entering Name With Data" library="FrontOffice.DoctorAppointment">
<arg>${testdata}</arg>
<status status="NOT RUN" endtime="20230511 09:32:03.763" starttime="20230511 09:32:03.763"/>
</kw>
<kw name="Entering Mobile With Data" library="FrontOffice.DoctorAppointment">
<arg>${testdata}</arg>
<status status="NOT RUN" endtime="20230511 09:32:03.764" starttime="20230511 09:32:03.764"/>
</kw>
<kw name="Clicking Save" library="FrontOffice.DoctorAppointment">
<status status="NOT RUN" endtime="20230511 09:32:03.764" starttime="20230511 09:32:03.764"/>
</kw>
<kw name="Get Message" library="FrontOffice.DoctorAppointment">
<status status="NOT RUN" endtime="20230511 09:32:03.764" starttime="20230511 09:32:03.764"/>
</kw>
<kw name="Unselecting The Frame" library="FrontOffice.DoctorAppointment">
<status status="NOT RUN" endtime="20230511 09:32:03.765" starttime="20230511 09:32:03.765"/>
</kw>
<kw name="Loading Menu Of Link" library="admin.FromConfigFile">
<arg>//Appointments/TokenTransfer.aspx</arg>
<status status="NOT RUN" endtime="20230511 09:32:03.765" starttime="20230511 09:32:03.765"/>
</kw>
<kw name="Select The Frame" library="FrontOffice.TokenTransferForDoctorAppointmentAll">
<status status="NOT RUN" endtime="20230511 09:32:03.765" starttime="20230511 09:32:03.765"/>
</kw>
<kw name="Select Date With Data" library="FrontOffice.TokenTransferForDoctorAppointmentAll">
<arg>${testdata}</arg>
<status status="NOT RUN" endtime="20230511 09:32:03.766" starttime="20230511 09:32:03.765"/>
</kw>
<kw name="FrontOffice.TokenTransferForDoctorAppointmentAll.doctor_with_data">
<arg>${testdata}</arg>
<status status="NOT RUN" endtime="20230511 09:32:03.936" starttime="20230511 09:32:03.935"/>
</kw>
<kw name="Click Serch" library="FrontOffice.TokenTransferForDoctorAppointmentAll">
<status status="NOT RUN" endtime="20230511 09:32:03.937" starttime="20230511 09:32:03.936"/>
</kw>
<kw name="List All" library="FrontOffice.TokenTransferForDoctorAppointmentAll">
<status status="NOT RUN" endtime="20230511 09:32:03.939" starttime="20230511 09:32:03.939"/>
</kw>
<kw name="Select All Token" library="FrontOffice.TokenTransferForDoctorAppointmentAll">
<status status="NOT RUN" endtime="20230511 09:32:03.941" starttime="20230511 09:32:03.940"/>
</kw>
<kw name="Click Token Transfer" library="FrontOffice.TokenTransferForDoctorAppointmentAll">
<status status="NOT RUN" endtime="20230511 09:32:03.941" starttime="20230511 09:32:03.941"/>
</kw>
<kw name="Click Yes" library="FrontOffice.TokenTransferForDoctorAppointmentAll">
<status status="NOT RUN" endtime="20230511 09:32:03.942" starttime="20230511 09:32:03.942"/>
</kw>
<kw name="Select Transfer Date With Data" library="FrontOffice.TokenTransferForDoctorAppointmentAll">
<arg>${testdata}</arg>
<status status="NOT RUN" endtime="20230511 09:32:03.943" starttime="20230511 09:32:03.943"/>
</kw>
<kw name="Select Transfer Doctor With Data" library="FrontOffice.TokenTransferForDoctorAppointmentAll">
<arg>${testdata}</arg>
<status status="NOT RUN" endtime="20230511 09:32:03.944" starttime="20230511 09:32:03.944"/>
</kw>
<kw name="Click Save" library="FrontOffice.TokenTransferForDoctorAppointmentAll">
<status status="NOT RUN" endtime="20230511 09:32:03.944" starttime="20230511 09:32:03.944"/>
</kw>
<kw name="Click Ok Btn" library="FrontOffice.TokenTransferForDoctorAppointmentAll">
<status status="NOT RUN" endtime="20230511 09:32:03.945" starttime="20230511 09:32:03.945"/>
</kw>
<kw name="Unselecting The Frame" library="FrontOffice.TokenTransferForDoctorAppointmentAll">
<status status="NOT RUN" endtime="20230511 09:32:03.945" starttime="20230511 09:32:03.945"/>
</kw>
<kw name="Logoff" library="admin.FromConfigFile">
<status status="NOT RUN" endtime="20230511 09:32:03.945" starttime="20230511 09:32:03.945"/>
</kw>
<tag>WF12</tag>
<status status="FAIL" endtime="20230511 09:32:03.946" starttime="20230511 09:30:47.492">ERROR: Element xpath=(//*[.="Available"])[1] not found.</status>
</test>
<status status="FAIL" endtime="20230511 09:32:03.947" starttime="20230511 09:30:44.348"/>
</suite>
<statistics>
<total>
<stat fail="1" skip="0" pass="0">All Tests</stat>
</total>
<tag>
<stat fail="1" skip="0" pass="0">WF12</stat>
</tag>
<suite>
<stat fail="1" skip="0" id="s1" name="FrontOffice" pass="0">FrontOffice</stat>
</suite>
</statistics>
<errors>
<msg timestamp="20230511 09:32:03.754" level="WARN">Keyword 'Capture Page Screenshot' could not be run on failure: Multiple keywords with name 'Capture Page Screenshot' found. Give the full name of the keyword you want to use:
    FrontOffice.CampRegistration.Capture Page Screenshot
    FrontOffice.CampRegistrationModify.Capture Page Screenshot
    FrontOffice.DoctorAppointment.Capture Page Screenshot
    FrontOffice.DoctorAppointmentBlockAndUnblock.Capture Page Screenshot
    FrontOffice.DoctorAppointmentCancellation.Capture Page Screenshot
    FrontOffice.InNewOpRegistration.Capture Page Screenshot
    FrontOffice.InPatientBlockAndUnblock.Capture Page Screenshot
    FrontOffice.PatientDetailUpdate.Capture Page Screenshot
    FrontOffice.TokenTransferForDoctorAppointmentAll.Capture Page Screenshot
    FrontOffice.TokenTransferForDoctorAppointmentIndividual.Capture Page Screenshot
    admin.FromConfigFile.Capture Page Screenshot
    common_reader.Capturing.Capture Page Screenshot</msg>
</errors>
</robot>
